[{"model": "contenttypes.contenttype", "pk": 1, "fields": {"app_label": "admin", "model": "logentry"}}, {"model": "contenttypes.contenttype", "pk": 2, "fields": {"app_label": "auth", "model": "permission"}}, {"model": "contenttypes.contenttype", "pk": 3, "fields": {"app_label": "auth", "model": "group"}}, {"model": "contenttypes.contenttype", "pk": 4, "fields": {"app_label": "auth", "model": "user"}}, {"model": "contenttypes.contenttype", "pk": 5, "fields": {"app_label": "contenttypes", "model": "contenttype"}}, {"model": "contenttypes.contenttype", "pk": 6, "fields": {"app_label": "sessions", "model": "session"}}, {"model": "contenttypes.contenttype", "pk": 7, "fields": {"app_label": "blog", "model": "category"}}, {"model": "contenttypes.contenttype", "pk": 8, "fields": {"app_label": "blog", "model": "content"}}, {"model": "contenttypes.contenttype", "pk": 9, "fields": {"app_label": "blog", "model": "article"}}, {"model": "contenttypes.contenttype", "pk": 10, "fields": {"app_label": "blog", "model": "offer"}}, {"model": "contenttypes.contenttype", "pk": 11, "fields": {"app_label": "blog", "model": "picture"}}, {"model": "contenttypes.contenttype", "pk": 12, "fields": {"app_label": "blog", "model": "aboutme"}}, {"model": "sessions.session", "pk": "8z1qx96a41t67ftff2a1i51fdh6mjrw3", "fields": {"session_data": "NjQ5ZTI5YjkyMWUzMzc4NGRjODY5YmVhMTBhOTg4OTFhMTdkNzBlNjp7Il9hdXRoX3VzZXJfaWQiOiIxIiwiX2F1dGhfdXNlcl9iYWNrZW5kIjoiZGphbmdvLmNvbnRyaWIuYXV0aC5iYWNrZW5kcy5Nb2RlbEJhY2tlbmQiLCJfYXV0aF91c2VyX2hhc2giOiJiZDZjMTU4OGI1YTlkOTVmM2NlOTFiMTgxZTgwYjVjMmQzYzkxNmM2In0=", "expire_date": "2019-07-04T09:30:28.449Z"}}, {"model": "sessions.session", "pk": "q9j6kuxujjyrimczzhtxg5xi7byghyh6", "fields": {"session_data": "NjQ5ZTI5YjkyMWUzMzc4NGRjODY5YmVhMTBhOTg4OTFhMTdkNzBlNjp7Il9hdXRoX3VzZXJfaWQiOiIxIiwiX2F1dGhfdXNlcl9iYWNrZW5kIjoiZGphbmdvLmNvbnRyaWIuYXV0aC5iYWNrZW5kcy5Nb2RlbEJhY2tlbmQiLCJfYXV0aF91c2VyX2hhc2giOiJiZDZjMTU4OGI1YTlkOTVmM2NlOTFiMTgxZTgwYjVjMmQzYzkxNmM2In0=", "expire_date": "2019-07-18T13:40:44.286Z"}}, {"model": "sessions.session", "pk": "uxqjs3b0zrw91ph2x1jr4spz6kac1k2o", "fields": {"session_data": "NjQ5ZTI5YjkyMWUzMzc4NGRjODY5YmVhMTBhOTg4OTFhMTdkNzBlNjp7Il9hdXRoX3VzZXJfaWQiOiIxIiwiX2F1dGhfdXNlcl9iYWNrZW5kIjoiZGphbmdvLmNvbnRyaWIuYXV0aC5iYWNrZW5kcy5Nb2RlbEJhY2tlbmQiLCJfYXV0aF91c2VyX2hhc2giOiJiZDZjMTU4OGI1YTlkOTVmM2NlOTFiMTgxZTgwYjVjMmQzYzkxNmM2In0=", "expire_date": "2019-06-11T08:49:30.563Z"}}, {"model": "sessions.session", "pk": "ysbgxfn6siafkdb6fkzfzwewywtgyfhx", "fields": {"session_data": "NjQ5ZTI5YjkyMWUzMzc4NGRjODY5YmVhMTBhOTg4OTFhMTdkNzBlNjp7Il9hdXRoX3VzZXJfaWQiOiIxIiwiX2F1dGhfdXNlcl9iYWNrZW5kIjoiZGphbmdvLmNvbnRyaWIuYXV0aC5iYWNrZW5kcy5Nb2RlbEJhY2tlbmQiLCJfYXV0aF91c2VyX2hhc2giOiJiZDZjMTU4OGI1YTlkOTVmM2NlOTFiMTgxZTgwYjVjMmQzYzkxNmM2In0=", "expire_date": "2019-06-05T15:21:42.397Z"}}, {"model": "blog.content", "pk": 1, "fields": {"title": "lorem ipsum", "content": "Lorem ipsum dolor sit amet, consectetur adipiscing elit. Ut elit nibh, laoreet sit amet nibh et, bibendum aliquet velit. Praesent convallis eget risus ac viverra. Suspendisse elementum nisi ante, non vestibulum leo sagittis at. Nam vulputate bibendum viverra. Nunc ultrices venenatis efficitur. Curabitur in est maximus, suscipit turpis at, pellentesque arcu. Curabitur in erat placerat, aliquam urna vitae, placerat orci. Vestibulum eu diam nulla. Integer efficitur bibendum felis sed semper. Fusce justo neque, tempus a leo in, semper fermentum mauris. Suspendisse viverra velit a metus tincidunt laoreet.", "created_at": "2019-05-22T15:21:51Z", "is_visible": true, "url": "medias/articles/pictures/carl-heyerdahl-181868-unsplash_wLR02IF.jpg"}}, {"model": "blog.content", "pk": 2, "fields": {"title": "lorem ipsum", "content": "Lorem ipsum dolor sit amet, consectetur adipiscing elit. Ut elit nibh, laoreet sit amet nibh et, bibendum aliquet velit. Praesent convallis eget risus ac viverra. Suspendisse elementum nisi ante, non vestibulum leo sagittis at. Nam vulputate bibendum viverra. Nunc ultrices venenatis efficitur. Curabitur in est maximus, suscipit turpis at, pellentesque arcu. Curabitur in erat placerat, aliquam urna vitae, placerat orci. Vestibulum eu diam nulla. Integer efficitur bibendum felis sed semper. Fusce justo neque, tempus a leo in, semper fermentum mauris. Suspendisse viverra velit a metus tincidunt laoreet.", "created_at": "2019-05-22T15:26:21Z", "is_visible": true, "url": "medias/articles/pictures/luca-bravo-207676-unsplash.jpg"}}, {"model": "blog.content", "pk": 3, "fields": {"title": "lorem ipsum", "content": "Lorem ipsum dolor sit amet, consectetur adipiscing elit. Ut elit nibh, laoreet sit amet nibh et, bibendum aliquet velit. Praesent convallis eget risus ac viverra. Suspendisse elementum nisi ante, non vestibulum leo sagittis at. Nam vulputate bibendum viverra. Nunc ultrices venenatis efficitur. Curabitur in est maximus, suscipit turpis at, pellentesque arcu. Curabitur in erat placerat, aliquam urna vitae, placerat orci. Vestibulum eu diam nulla. Integer efficitur bibendum felis sed semper. Fusce justo neque, tempus a leo in, semper fermentum mauris. Suspendisse viverra velit a metus tincidunt laoreet.", "created_at": "2019-05-22T15:32:52Z", "is_visible": false, "url": "medias/pictures/pictures/luca-bravo-207676-unsplash.jpg"}}, {"model": "blog.content", "pk": 4, "fields": {"title": "lorem ipsum", "content": "Lorem ipsum dolor sit amet, consectetur adipiscing elit. Ut elit nibh, laoreet sit amet nibh et, bibendum aliquet velit. Praesent convallis eget risus ac viverra. Suspendisse elementum nisi ante, non vestibulum leo sagittis at. Nam vulputate bibendum viverra. Nunc ultrices venenatis efficitur. Curabitur in est maximus, suscipit turpis at, pellentesque arcu. Curabitur in erat placerat, aliquam urna vitae, placerat orci. Vestibulum eu diam nulla. Integer efficitur bibendum felis sed semper. Fusce justo neque, tempus a leo in, semper fermentum mauris. Suspendisse viverra velit a metus tincidunt laoreet.", "created_at": "2019-05-22T15:33:56Z", "is_visible": false, "url": "medias/pictures/pictures/campaign-creators-1166989-unsplash.jpg"}}, {"model": "blog.content", "pk": 5, "fields": {"title": "lorem ipsum", "content": "Lorem ipsum dolor sit amet, consectetur adipiscing elit. Ut elit nibh, laoreet sit amet nibh et, bibendum aliquet velit. Praesent convallis eget risus ac viverra. Suspendisse elementum nisi ante, non vestibulum leo sagittis at. Nam vulputate bibendum viverra. Nunc ultrices venenatis efficitur. Curabitur in est maximus, suscipit turpis at, pellentesque arcu. Curabitur in erat placerat, aliquam urna vitae, placerat orci. Vestibulum eu diam nulla. Integer efficitur bibendum felis sed semper. Fusce justo neque, tempus a leo in, semper fermentum mauris. Suspendisse viverra velit a metus tincidunt laoreet.", "created_at": "2019-05-22T15:34:28Z", "is_visible": false, "url": "medias/pictures/pictures/lee-campbell-106610-unsplash.jpg"}}, {"model": "blog.content", "pk": 6, "fields": {"title": "lorem ipsum", "content": "Lorem ipsum dolor sit amet, consectetur adipiscing elit. Ut elit nibh, laoreet sit amet nibh et, bibendum aliquet velit. Praesent convallis eget risus ac viverra. Suspendisse elementum nisi ante, non vestibulum leo sagittis at. Nam vulputate bibendum viverra. Nunc ultrices venenatis efficitur. Curabitur in est maximus, suscipit turpis at, pellentesque arcu. Curabitur in erat placerat, aliquam urna vitae, placerat orci. Vestibulum eu diam nulla. Integer efficitur bibendum felis sed semper. Fusce justo neque, tempus a leo in, semper fermentum mauris. Suspendisse viverra velit a metus tincidunt laoreet.", "created_at": "2019-05-22T15:34:48Z", "is_visible": false, "url": "medias/pictures/pictures/carl-heyerdahl-181868-unsplash.jpg"}}, {"model": "blog.content", "pk": 7, "fields": {"title": "lorem ipsum", "content": "Lorem ipsum dolor sit amet, consectetur adipiscing elit. Ut elit nibh, laoreet sit amet nibh et, bibendum aliquet velit. Praesent convallis eget risus ac viverra. Suspendisse elementum nisi ante, non vestibulum leo sagittis at. Nam vulputate bibendum viverra. Nunc ultrices venenatis efficitur. Curabitur in est maximus, suscipit turpis at, pellentesque arcu. Curabitur in erat placerat, aliquam urna vitae, placerat orci. Vestibulum eu diam nulla. Integer efficitur bibendum felis sed semper. Fusce justo neque, tempus a leo in, semper fermentum mauris. Suspendisse viverra velit a metus tincidunt laoreet.", "created_at": "2019-05-22T15:35:05Z", "is_visible": true, "url": "medias/pictures/pictures/carl-heyerdahl-181868-unsplash.jpg"}}, {"model": "blog.content", "pk": 8, "fields": {"title": "lorem ipsum", "content": "Lorem ipsum dolor sit amet, consectetur adipiscing elit. Ut elit nibh, laoreet sit amet nibh et, bibendum aliquet velit. Praesent convallis eget risus ac viverra. Suspendisse elementum nisi ante, non vestibulum leo sagittis at. Nam vulputate bibendum viverra. Nunc ultrices venenatis efficitur. Curabitur in est maximus, suscipit turpis at, pellentesque arcu. Curabitur in erat placerat, aliquam urna vitae, placerat orci. Vestibulum eu diam nulla. Integer efficitur bibendum felis sed semper. Fusce justo neque, tempus a leo in, semper fermentum mauris. Suspendisse viverra velit a metus tincidunt laoreet.", "created_at": "2019-05-22T15:35:23Z", "is_visible": false, "url": "medias/pictures/pictures/luca-bravo-207676-unsplash.jpg"}}, {"model": "blog.content", "pk": 9, "fields": {"title": "lorem ipsum", "content": "Lorem ipsum dolor sit amet, consectetur adipiscing elit. Ut elit nibh, laoreet sit amet nibh et, bibendum aliquet velit. Praesent convallis eget risus ac viverra. Suspendisse elementum nisi ante, non vestibulum leo sagittis at. Nam vulputate bibendum viverra. Nunc ultrices venenatis efficitur. Curabitur in est maximus, suscipit turpis at, pellentesque arcu. Curabitur in erat placerat, aliquam urna vitae, placerat orci. Vestibulum eu diam nulla. Integer efficitur bibendum felis sed semper. Fusce justo neque, tempus a leo in, semper fermentum mauris. Suspendisse viverra velit a metus tincidunt laoreet.", "created_at": "2019-05-22T15:35:38Z", "is_visible": false, "url": "medias/pictures/pictures/carl-heyerdahl-181868-unsplash.jpg"}}, {"model": "blog.content", "pk": 10, "fields": {"title": "lorem ipsum", "content": "Lorem ipsum dolor sit amet, consectetur adipiscing elit. Ut elit nibh, laoreet sit amet nibh et, bibendum aliquet velit. Praesent convallis eget risus ac viverra. Suspendisse elementum nisi ante, non vestibulum leo sagittis at. Nam vulputate bibendum viverra. Nunc ultrices venenatis efficitur. Curabitur in est maximus, suscipit turpis at, pellentesque arcu. Curabitur in erat placerat, aliquam urna vitae, placerat orci. Vestibulum eu diam nulla. Integer efficitur bibendum felis sed semper. Fusce justo neque, tempus a leo in, semper fermentum mauris. Suspendisse viverra velit a metus tincidunt laoreet.", "created_at": "2019-05-22T15:35:54Z", "is_visible": true, "url": "medias/pictures/pictures/carl-heyerdahl-181868-unsplash.jpg"}}, {"model": "blog.content", "pk": 11, "fields": {"title": "lorem ipsum", "content": "Lorem ipsum dolor sit amet, consectetur adipiscing elit. Ut elit nibh, laoreet sit amet nibh et, bibendum aliquet velit. Praesent convallis eget risus ac viverra. Suspendisse elementum nisi ante, non vestibulum leo sagittis at. Nam vulputate bibendum viverra. Nunc ultrices venenatis efficitur. Curabitur in est maximus, suscipit turpis at, pellentesque arcu. Curabitur in erat placerat, aliquam urna vitae, placerat orci. Vestibulum eu diam nulla. Integer efficitur bibendum felis sed semper. Fusce justo neque, tempus a leo in, semper fermentum mauris. Suspendisse viverra velit a metus tincidunt laoreet.", "created_at": "2019-05-22T16:02:02Z", "is_visible": false, "url": "medias/pictures/pictures/carl-heyerdahl-181868-unsplash.jpg"}}, {"model": "blog.content", "pk": 12, "fields": {"title": "lorem ipsum", "content": "Lorem ipsum dolor sit amet, consectetur adipiscing elit. Ut elit nibh, laoreet sit amet nibh et, bibendum aliquet velit. Praesent convallis eget risus ac viverra. Suspendisse elementum nisi ante, non vestibulum leo sagittis at. Nam vulputate bibendum viverra. Nunc ultrices venenatis efficitur. Curabitur in est maximus, suscipit turpis at, pellentesque arcu. Curabitur in erat placerat, aliquam urna vitae, placerat orci. Vestibulum eu diam nulla. Integer efficitur bibendum felis sed semper. Fusce justo neque, tempus a leo in, semper fermentum mauris. Suspendisse viverra velit a metus tincidunt laoreet.\r\nLorem ipsum dolor sit amet, consectetur adipiscing elit. Ut elit nibh, laoreet sit amet nibh et, bibendum aliquet velit. Praesent convallis eget risus ac viverra. Suspendisse elementum nisi ante, non vestibulum leo sagittis at. Nam vulputate bibendum viverra. Nunc ultrices venenatis efficitur. Curabitur in est maximus, suscipit turpis at, pellentesque arcu. Curabitur in erat placerat, aliquam urna vitae, placerat orci. Vestibulum eu diam nulla. Integer efficitur bibendum felis sed semper. Fusce justo neque, tempus a leo in, semper fermentum mauris. Suspendisse viverra velit a metus tincidunt laoreet.\r\nLorem ipsum dolor sit amet, consectetur adipiscing elit. Ut elit nibh, laoreet sit amet nibh et, bibendum aliquet velit. Praesent convallis eget risus ac viverra. Suspendisse elementum nisi ante, non vestibulum leo sagittis at. Nam vulputate bibendum viverra. Nunc ultrices venenatis efficitur. Curabitur in est maximus, suscipit turpis at, pellentesque arcu. Curabitur in erat placerat, aliquam urna vitae, placerat orci. Vestibulum eu diam nulla. Integer efficitur bibendum felis sed semper. Fusce justo neque, tempus a leo in, semper fermentum mauris. Suspendisse viverra velit a metus tincidunt laoreet.", "created_at": "2019-05-22T16:06:13Z", "is_visible": false, "url": "medias/articles/pictures/campaign-creators-1166989-unsplash_CqSjqPt.jpg"}}, {"model": "blog.content", "pk": 14, "fields": {"title": "lorem ipsum", "content": "Lorem ipsum dolor sit amet, consectetur adipiscing elit. Ut elit nibh, laoreet sit amet nibh et, bibendum aliquet velit. Praesent convallis eget risus ac viverra. Suspendisse elementum nisi ante, non vestibulum leo sagittis at. Nam vulputate bibendum viverra. Nunc ultrices venenatis efficitur. Curabitur in est maximus, suscipit turpis at, pellentesque arcu. Curabitur in erat placerat, aliquam urna vitae, placerat orci. Vestibulum eu diam nulla. Integer efficitur bibendum felis sed semper. Fusce justo neque, tempus a leo in, semper fermentum mauris. Suspendisse viverra velit a metus tincidunt laoreet.\r\nLorem ipsum dolor sit amet, consectetur adipiscing elit. Ut elit nibh, laoreet sit amet nibh et, bibendum aliquet velit. Praesent convallis eget risus ac viverra. Suspendisse elementum nisi ante, non vestibulum leo sagittis at. Nam vulputate bibendum viverra. Nunc ultrices venenatis efficitur. Curabitur in est maximus, suscipit turpis at, pellentesque arcu. Curabitur in erat placerat, aliquam urna vitae, placerat orci. Vestibulum eu diam nulla. Integer efficitur bibendum felis sed semper. Fusce justo neque, tempus a leo in, semper fermentum mauris. Suspendisse viverra velit a metus tincidunt laoreet.\r\nLorem ipsum dolor sit amet, consectetur adipiscing elit. Ut elit nibh, laoreet sit amet nibh et, bibendum aliquet velit. Praesent convallis eget risus ac viverra. Suspendisse elementum nisi ante, non vestibulum leo sagittis at. Nam vulputate bibendum viverra. Nunc ultrices venenatis efficitur. Curabitur in est maximus, suscipit turpis at, pellentesque arcu. Curabitur in erat placerat, aliquam urna vitae, placerat orci. Vestibulum eu diam nulla. Integer efficitur bibendum felis sed semper. Fusce justo neque, tempus a leo in, semper fermentum mauris. Suspendisse viverra velit a metus tincidunt laoreet.\r\nLorem ipsum dolor sit amet, consectetur adipiscing elit. Ut elit nibh, laoreet sit amet nibh et, bibendum aliquet velit. Praesent convallis eget risus ac viverra. Suspendisse elementum nisi ante, non vestibulum leo sagittis at. Nam vulputate bibendum viverra. Nunc ultrices venenatis efficitur. Curabitur in est maximus, suscipit turpis at, pellentesque arcu. Curabitur in erat placerat, aliquam urna vitae, placerat orci. Vestibulum eu diam nulla. Integer efficitur bibendum felis sed semper. Fusce justo neque, tempus a leo in, semper fermentum mauris. Suspendisse viverra velit a metus tincidunt laoreet.", "created_at": "2019-05-22T16:07:41Z", "is_visible": false, "url": "medias/offers/pictures/campaign-creators-1166989-unsplash.jpg"}}, {"model": "blog.content", "pk": 15, "fields": {"title": "lorem ipsum", "content": "Lorem ipsum dolor sit amet, consectetur adipiscing elit. Ut elit nibh, laoreet sit amet nibh et, bibendum aliquet velit. Praesent convallis eget risus ac viverra. Suspendisse elementum nisi ante, non vestibulum leo sagittis at. Nam vulputate bibendum viverra. Nunc ultrices venenatis efficitur. Curabitur in est maximus, suscipit turpis at, pellentesque arcu. Curabitur in erat placerat, aliquam urna vitae, placerat orci. Vestibulum eu diam nulla. Integer efficitur bibendum felis sed semper. Fusce justo neque, tempus a leo in, semper fermentum mauris. Suspendisse viverra velit a metus tincidunt laoreet.\r\nLorem ipsum dolor sit amet, consectetur adipiscing elit. Ut elit nibh, laoreet sit amet nibh et, bibendum aliquet velit. Praesent convallis eget risus ac viverra. Suspendisse elementum nisi ante, non vestibulum leo sagittis at. Nam vulputate bibendum viverra. Nunc ultrices venenatis efficitur. Curabitur in est maximus, suscipit turpis at, pellentesque arcu. Curabitur in erat placerat, aliquam urna vitae, placerat orci. Vestibulum eu diam nulla. Integer efficitur bibendum felis sed semper. Fusce justo neque, tempus a leo in, semper fermentum mauris. Suspendisse viverra velit a metus tincidunt laoreet.\r\nLorem ipsum dolor sit amet, consectetur adipiscing elit. Ut elit nibh, laoreet sit amet nibh et, bibendum aliquet velit. Praesent convallis eget risus ac viverra. Suspendisse elementum nisi ante, non vestibulum leo sagittis at. Nam vulputate bibendum viverra. Nunc ultrices venenatis efficitur. Curabitur in est maximus, suscipit turpis at, pellentesque arcu. Curabitur in erat placerat, aliquam urna vitae, placerat orci. Vestibulum eu diam nulla. Integer efficitur bibendum felis sed semper. Fusce justo neque, tempus a leo in, semper fermentum mauris. Suspendisse viverra velit a metus tincidunt laoreet.\r\nLorem ipsum dolor sit amet, consectetur adipiscing elit. Ut elit nibh, laoreet sit amet nibh et, bibendum aliquet velit. Praesent convallis eget risus ac viverra. Suspendisse elementum nisi ante, non vestibulum leo sagittis at. Nam vulputate bibendum viverra. Nunc ultrices venenatis efficitur. Curabitur in est maximus, suscipit turpis at, pellentesque arcu. Curabitur in erat placerat,", "created_at": "2019-05-22T16:07:57Z", "is_visible": true, "url": "medias/offers/pictures/carl-heyerdahl-181868-unsplash.jpg"}}, {"model": "blog.content", "pk": 16, "fields": {"title": "lorem ipsum", "content": "Lorem ipsum dolor sit amet, consectetur adipiscing elit. Praesent quis ullamcorper metus. Sed ut eros quis massa efficitur posuere sed eget urna. Maecenas condimentum, nulla et pretium aliquam, urna turpis rhoncus nulla, ac faucibus neque sem in augue. Ut finibus placerat commodo. Duis quam sem, lacinia sit amet nibh vel, vulputate bibendum orci. Aenean et luctus turpis. Orci varius natoque penatibus et magnis dis parturient montes, nascetur ridiculus mus. Curabitur vel pulvinar dolor. Aenean eget luctus sapien. Nullam sodales volutpat erat, pretium mattis eros molestie in. Donec pretium sem non turpis posuere, eget imperdiet ligula semper. Sed tincidunt maximus risus vel luctus. Sed bibendum, urna a tincidunt aliquet, quam sapien pharetra massa, at commodo urna libero id neque. Maecenas in auctor velit, id hendrerit mauris.", "created_at": "2019-05-23T09:46:32Z", "is_visible": false, "url": "medias/pictures/pictures/carl-heyerdahl-181868-unsplash.jpg"}}, {"model": "blog.content", "pk": 17, "fields": {"title": "lorem ipsum", "content": "Lorem ipsum dolor sit amet, consectetur adipiscing elit. Praesent quis ullamcorper metus. Sed ut eros quis massa efficitur posuere sed eget urna. Maecenas condimentum, nulla et pretium aliquam, urna turpis rhoncus nulla, ac faucibus neque sem in augue. Ut finibus placerat commodo. Duis quam sem, lacinia sit amet nibh vel, vulputate bibendum orci. Aenean et luctus turpis. Orci varius natoque penatibus et magnis dis parturient montes, nascetur ridiculus mus. Curabitur vel pulvinar dolor. Aenean eget luctus sapien. Nullam sodales volutpat erat, pretium mattis eros molestie in. Donec pretium sem non turpis posuere, eget imperdiet ligula semper. Sed tincidunt maximus risus vel luctus. Sed bibendum, urna a tincidunt aliquet, quam sapien pharetra massa, at commodo urna libero id neque. Maecenas in auctor velit, id hendrerit mauris.", "created_at": "2019-05-23T09:47:28Z", "is_visible": false, "url": "medias/pictures/pictures/luca-bravo-207676-unsplash.jpg"}}, {"model": "blog.content", "pk": 18, "fields": {"title": "lorem ipsum", "content": "Lorem ipsum dolor sit amet, consectetur adipiscing elit. Praesent quis ullamcorper metus. Sed ut eros quis massa efficitur posuere sed eget urna. Maecenas condimentum, nulla et pretium aliquam, urna turpis rhoncus nulla, ac faucibus neque sem in augue. Ut finibus placerat commodo. Duis quam sem, lacinia sit amet nibh vel, vulputate bibendum orci. Aenean et luctus turpis. Orci varius natoque penatibus et magnis dis parturient montes, nascetur ridiculus mus. Curabitur vel pulvinar dolor. Aenean eget luctus sapien. Nullam sodales volutpat erat, pretium mattis eros molestie in. Donec pretium sem non turpis posuere, eget imperdiet ligula semper. Sed tincidunt maximus risus vel luctus. Sed bibendum, urna a tincidunt aliquet, quam sapien pharetra massa, at commodo urna libero id neque. Maecenas in auctor velit, id hendrerit mauris.", "created_at": "2019-05-23T09:47:46Z", "is_visible": true, "url": "medias/pictures/pictures/carl-heyerdahl-181868-unsplash.jpg"}}, {"model": "blog.content", "pk": 19, "fields": {"title": "lorem ipsum", "content": "Lorem ipsum dolor sit amet, consectetur adipiscing elit. Praesent quis ullamcorper metus. Sed ut eros quis massa efficitur posuere sed eget urna. Maecenas condimentum, nulla et pretium aliquam, urna turpis rhoncus nulla, ac faucibus neque sem in augue. Ut finibus placerat commodo. Duis quam sem, lacinia sit amet nibh vel, vulputate bibendum orci. Aenean et luctus turpis. Orci varius natoque penatibus et magnis dis parturient montes, nascetur ridiculus mus. Curabitur vel pulvinar dolor. Aenean eget luctus sapien. Nullam sodales volutpat erat, pretium mattis eros molestie in. Donec pretium sem non turpis posuere, eget imperdiet ligula semper. Sed tincidunt maximus risus vel luctus. Sed bibendum, urna a tincidunt aliquet, quam sapien pharetra massa, at commodo urna libero id neque. Maecenas in auctor velit, id hendrerit mauris.", "created_at": "2019-05-23T09:48:03Z", "is_visible": true, "url": "medias/pictures/pictures/campaign-creators-1166989-unsplash.jpg"}}, {"model": "blog.content", "pk": 20, "fields": {"title": "lorem ipsum", "content": "Lorem ipsum dolor sit amet, consectetur adipiscing elit. Praesent quis ullamcorper metus. Sed ut eros quis massa efficitur posuere sed eget urna. Maecenas condimentum, nulla et pretium aliquam, urna turpis rhoncus nulla, ac faucibus neque sem in augue. Ut finibus placerat commodo. Duis quam sem, lacinia sit amet nibh vel, vulputate bibendum orci. Aenean et luctus turpis. Orci varius natoque penatibus et magnis dis parturient montes, nascetur ridiculus mus. Curabitur vel pulvinar dolor. Aenean eget luctus sapien. Nullam sodales volutpat erat, pretium mattis eros molestie in. Donec pretium sem non turpis posuere, eget imperdiet ligula semper. Sed tincidunt maximus risus vel luctus. Sed bibendum, urna a tincidunt aliquet, quam sapien pharetra massa, at commodo urna libero id neque. Maecenas in auctor velit, id hendrerit mauris.", "created_at": "2019-05-23T09:48:30Z", "is_visible": true, "url": "medias/pictures/pictures/carl-heyerdahl-181868-unsplash.jpg"}}, {"model": "blog.content", "pk": 21, "fields": {"title": "lorem ipsum", "content": "Lorem ipsum dolor sit amet, consectetur adipiscing elit. Quisque consequat, felis ut elementum condimentum, mauris quam hendrerit turpis, id tristique ex libero nec purus. Integer ac pretium lacus, sed feugiat augue. Etiam turpis felis, vehicula non sapien id, tempor tincidunt purus. Curabitur odio orci, consequat eget molestie nec, dignissim sed odio. Suspendisse potenti. Class aptent taciti sociosqu ad litora torquent per conubia nostra, per inceptos himenaeos. Integer aliquet justo ac arcu aliquet vestibulum. Donec dapibus nunc nec ultrices accumsan. Nullam iaculis a est quis condimentum. Duis nec arcu id neque facilisis rutrum. Integer mattis metus sagittis sem sodales, eu egestas lorem cursus. Etiam eu ullamcorper metus.", "created_at": "2019-07-04T14:07:14Z", "is_visible": false, "url": "medias/offers/pictures/carl-heyerdahl-181868-unsplash.jpg"}}, {"model": "blog.article", "pk": 1, "fields": {"image": "articles/pictures/carl-heyerdahl-181868-unsplash_wLR02IF.jpg"}}, {"model": "blog.article", "pk": 2, "fields": {"image": "articles/pictures/luca-bravo-207676-unsplash.jpg"}}, {"model": "blog.article", "pk": 12, "fields": {"image": "articles/pictures/campaign-creators-1166989-unsplash_CqSjqPt.jpg"}}, {"model": "blog.picture", "pk": 3, "fields": {"image": "pictures/pictures/luca-bravo-207676-unsplash.jpg", "category": 1}}, {"model": "blog.picture", "pk": 4, "fields": {"image": "pictures/pictures/campaign-creators-1166989-unsplash.jpg", "category": 1}}, {"model": "blog.picture", "pk": 5, "fields": {"image": "pictures/pictures/lee-campbell-106610-unsplash.jpg", "category": 1}}, {"model": "blog.picture", "pk": 6, "fields": {"image": "pictures/pictures/carl-heyerdahl-181868-unsplash.jpg", "category": 3}}, {"model": "blog.picture", "pk": 7, "fields": {"image": "pictures/pictures/carl-heyerdahl-181868-unsplash_PvlL61k.jpg", "category": 2}}, {"model": "blog.picture", "pk": 8, "fields": {"image": "pictures/pictures/luca-bravo-207676-unsplash_ost3Urm.jpg", "category": 4}}, {"model": "blog.picture", "pk": 9, "fields": {"image": "pictures/pictures/carl-heyerdahl-181868-unsplash_hEq8ryd.jpg", "category": 5}}, {"model": "blog.picture", "pk": 10, "fields": {"image": "pictures/pictures/carl-heyerdahl-181868-unsplash_PH4rNZ5.jpg", "category": 6}}, {"model": "blog.picture", "pk": 11, "fields": {"image": "pictures/pictures/carl-heyerdahl-181868-unsplash_XbVTHXz.jpg", "category": 5}}, {"model": "blog.picture", "pk": 16, "fields": {"image": "pictures/pictures/carl-heyerdahl-181868-unsplash_2fe9121.jpg", "category": 3}}, {"model": "blog.picture", "pk": 17, "fields": {"image": "pictures/pictures/luca-bravo-207676-unsplash_9ZP0VWY.jpg", "category": 6}}, {"model": "blog.picture", "pk": 18, "fields": {"image": "pictures/pictures/carl-heyerdahl-181868-unsplash_Xs31Nvl.jpg", "category": 2}}, {"model": "blog.picture", "pk": 19, "fields": {"image": "pictures/pictures/campaign-creators-1166989-unsplash_Ge82QJz.jpg", "category": 4}}, {"model": "blog.picture", "pk": 20, "fields": {"image": "pictures/pictures/carl-heyerdahl-181868-unsplash_uhzL8rA.jpg", "category": 5}}, {"model": "blog.offer", "pk": 14, "fields": {"image": "offers/pictures/campaign-creators-1166989-unsplash.jpg", "price": 55.0}}, {"model": "blog.offer", "pk": 15, "fields": {"image": "offers/pictures/carl-heyerdahl-181868-unsplash.jpg", "price": 0.0}}, {"model": "blog.offer", "pk": 21, "fields": {"image": "offers/pictures/carl-heyerdahl-181868-unsplash_HteDCXY.jpg", "price": 100.0}}, {"model": "blog.category", "pk": 1, "fields": {"name": "Nature"}}, {"model": "blog.category", "pk": 2, "fields": {"name": "Portraits"}}, {"model": "blog.category", "pk": 3, "fields": {"name": "Urbain"}}, {"model": "blog.category", "pk": 4, "fields": {"name": "Ev\u00e9nements"}}, {"model": "blog.category", "pk": 5, "fields": {"name": "Voyages"}}, {"model": "blog.category", "pk": 6, "fields": {"name": "Insolite"}}, {"model": "blog.aboutme", "pk": 2, "fields": {"firstName": "TOGUYENI", "lastName": "Jean Elimelec", "phoneNumber": 654896922, "email": "kologojosias@gmail.com", "overview": "Lorem ipsum dolor sit amet, consectetur adipiscing elit. Etiam quis orci augue. In mattis at sem et porttitor. Vivamus tempus faucibus hendrerit. Ut libero lorem, euismod eu orci id, lobortis suscipit ex. Nulla vehicula purus aliquet, pharetra enim non, elementum ligula. Vestibulum hendrerit tempus ligula a aliquet. Duis facilisis dictum lacus, non scelerisque neque molestie a. Nam pellentesque leo consequat felis imperdiet pulvinar. Phasellus euismod orci ornare tortor tristique, sit amet interdum tellus tempor. Maecenas tristique, lorem bibendum pretium pharetra, tellus massa posuere quam, a interdum orci diam et leo. Cras euismod lectus sit amet augue ultrices accumsan. Suspendisse potenti.", "image": "profile/pictures/carl-heyerdahl-181868-unsplash.jpg", "url": "medias/profile/pictures/carl-heyerdahl-181868-unsplash.jpg"}}, {"model": "auth.permission", "pk": 1, "fields": {"name": "Can add log entry", "content_type": 1, "codename": "add_logentry"}}, {"model": "auth.permission", "pk": 2, "fields": {"name": "Can change log entry", "content_type": 1, "codename": "change_logentry"}}, {"model": "auth.permission", "pk": 3, "fields": {"name": "Can delete log entry", "content_type": 1, "codename": "delete_logentry"}}, {"model": "auth.permission", "pk": 4, "fields": {"name": "Can view log entry", "content_type": 1, "codename": "view_logentry"}}, {"model": "auth.permission", "pk": 5, "fields": {"name": "Can add permission", "content_type": 2, "codename": "add_permission"}}, {"model": "auth.permission", "pk": 6, "fields": {"name": "Can change permission", "content_type": 2, "codename": "change_permission"}}, {"model": "auth.permission", "pk": 7, "fields": {"name": "Can delete permission", "content_type": 2, "codename": "delete_permission"}}, {"model": "auth.permission", "pk": 8, "fields": {"name": "Can view permission", "content_type": 2, "codename": "view_permission"}}, {"model": "auth.permission", "pk": 9, "fields": {"name": "Can add group", "content_type": 3, "codename": "add_group"}}, {"model": "auth.permission", "pk": 10, "fields": {"name": "Can change group", "content_type": 3, "codename": "change_group"}}, {"model": "auth.permission", "pk": 11, "fields": {"name": "Can delete group", "content_type": 3, "codename": "delete_group"}}, {"model": "auth.permission", "pk": 12, "fields": {"name": "Can view group", "content_type": 3, "codename": "view_group"}}, {"model": "auth.permission", "pk": 13, "fields": {"name": "Can add user", "content_type": 4, "codename": "add_user"}}, {"model": "auth.permission", "pk": 14, "fields": {"name": "Can change user", "content_type": 4, "codename": "change_user"}}, {"model": "auth.permission", "pk": 15, "fields": {"name": "Can delete user", "content_type": 4, "codename": "delete_user"}}, {"model": "auth.permission", "pk": 16, "fields": {"name": "Can view user", "content_type": 4, "codename": "view_user"}}, {"model": "auth.permission", "pk": 17, "fields": {"name": "Can add content type", "content_type": 5, "codename": "add_contenttype"}}, {"model": "auth.permission", "pk": 18, "fields": {"name": "Can change content type", "content_type": 5, "codename": "change_contenttype"}}, {"model": "auth.permission", "pk": 19, "fields": {"name": "Can delete content type", "content_type": 5, "codename": "delete_contenttype"}}, {"model": "auth.permission", "pk": 20, "fields": {"name": "Can view content type", "content_type": 5, "codename": "view_contenttype"}}, {"model": "auth.permission", "pk": 21, "fields": {"name": "Can add session", "content_type": 6, "codename": "add_session"}}, {"model": "auth.permission", "pk": 22, "fields": {"name": "Can change session", "content_type": 6, "codename": "change_session"}}, {"model": "auth.permission", "pk": 23, "fields": {"name": "Can delete session", "content_type": 6, "codename": "delete_session"}}, {"model": "auth.permission", "pk": 24, "fields": {"name": "Can view session", "content_type": 6, "codename": "view_session"}}, {"model": "auth.permission", "pk": 25, "fields": {"name": "Can add category", "content_type": 7, "codename": "add_category"}}, {"model": "auth.permission", "pk": 26, "fields": {"name": "Can change category", "content_type": 7, "codename": "change_category"}}, {"model": "auth.permission", "pk": 27, "fields": {"name": "Can delete category", "content_type": 7, "codename": "delete_category"}}, {"model": "auth.permission", "pk": 28, "fields": {"name": "Can view category", "content_type": 7, "codename": "view_category"}}, {"model": "auth.permission", "pk": 29, "fields": {"name": "Can add content", "content_type": 8, "codename": "add_content"}}, {"model": "auth.permission", "pk": 30, "fields": {"name": "Can change content", "content_type": 8, "codename": "change_content"}}, {"model": "auth.permission", "pk": 31, "fields": {"name": "Can delete content", "content_type": 8, "codename": "delete_content"}}, {"model": "auth.permission", "pk": 32, "fields": {"name": "Can view content", "content_type": 8, "codename": "view_content"}}, {"model": "auth.permission", "pk": 33, "fields": {"name": "Can add article", "content_type": 9, "codename": "add_article"}}, {"model": "auth.permission", "pk": 34, "fields": {"name": "Can change article", "content_type": 9, "codename": "change_article"}}, {"model": "auth.permission", "pk": 35, "fields": {"name": "Can delete article", "content_type": 9, "codename": "delete_article"}}, {"model": "auth.permission", "pk": 36, "fields": {"name": "Can view article", "content_type": 9, "codename": "view_article"}}, {"model": "auth.permission", "pk": 37, "fields": {"name": "Can add offer", "content_type": 10, "codename": "add_offer"}}, {"model": "auth.permission", "pk": 38, "fields": {"name": "Can change offer", "content_type": 10, "codename": "change_offer"}}, {"model": "auth.permission", "pk": 39, "fields": {"name": "Can delete offer", "content_type": 10, "codename": "delete_offer"}}, {"model": "auth.permission", "pk": 40, "fields": {"name": "Can view offer", "content_type": 10, "codename": "view_offer"}}, {"model": "auth.permission", "pk": 41, "fields": {"name": "Can add picture", "content_type": 11, "codename": "add_picture"}}, {"model": "auth.permission", "pk": 42, "fields": {"name": "Can change picture", "content_type": 11, "codename": "change_picture"}}, {"model": "auth.permission", "pk": 43, "fields": {"name": "Can delete picture", "content_type": 11, "codename": "delete_picture"}}, {"model": "auth.permission", "pk": 44, "fields": {"name": "Can view picture", "content_type": 11, "codename": "view_picture"}}, {"model": "auth.permission", "pk": 45, "fields": {"name": "Can add about me", "content_type": 12, "codename": "add_aboutme"}}, {"model": "auth.permission", "pk": 46, "fields": {"name": "Can change about me", "content_type": 12, "codename": "change_aboutme"}}, {"model": "auth.permission", "pk": 47, "fields": {"name": "Can delete about me", "content_type": 12, "codename": "delete_aboutme"}}, {"model": "auth.permission", "pk": 48, "fields": {"name": "Can view about me", "content_type": 12, "codename": "view_aboutme"}}, {"model": "auth.user", "pk": 1, "fields": {"password": "pbkdf2_sha256$150000$SMwWjAdX1ZJ2$AJQxw36QbzPgVKery5CohDfu9KZlm8RckgfwRlNu6OU=", "last_login": "2019-07-04T13:40:44.230Z", "is_superuser": true, "username": "king", "first_name": "", "last_name": "", "email": "kologojosias@gmail.com", "is_staff": true, "is_active": true, "date_joined": "2019-05-22T15:21:38.326Z", "groups": [], "user_permissions": []}}, {"model": "admin.logentry", "pk": 1, "fields": {"action_time": "2019-05-22T15:22:34.620Z", "user": 1, "content_type": 9, "object_id": "1", "object_repr": "lorem ipsum", "action_flag": 1, "change_message": "[{\"added\": {}}]"}}, {"model": "admin.logentry", "pk": 2, "fields": {"action_time": "2019-05-22T15:23:03.539Z", "user": 1, "content_type": 9, "object_id": "1", "object_repr": "lorem ipsum", "action_flag": 2, "change_message": "[]"}}, {"model": "admin.logentry", "pk": 3, "fields": {"action_time": "2019-05-22T15:25:07.098Z", "user": 1, "content_type": 9, "object_id": "1", "object_repr": "lorem ipsum", "action_flag": 2, "change_message": "[]"}}, {"model": "admin.logentry", "pk": 4, "fields": {"action_time": "2019-05-22T15:27:02.987Z", "user": 1, "content_type": 9, "object_id": "2", "object_repr": "lorem ipsum", "action_flag": 1, "change_message": "[{\"added\": {}}]"}}, {"model": "admin.logentry", "pk": 5, "fields": {"action_time": "2019-05-22T15:27:51.894Z", "user": 1, "content_type": 9, "object_id": "2", "object_repr": "lorem ipsum", "action_flag": 2, "change_message": "[]"}}, {"model": "admin.logentry", "pk": 6, "fields": {"action_time": "2019-05-22T15:30:00.498Z", "user": 1, "content_type": 9, "object_id": "2", "object_repr": "lorem ipsum", "action_flag": 2, "change_message": "[{\"changed\": {\"fields\": [\"url\"]}}]"}}, {"model": "admin.logentry", "pk": 7, "fields": {"action_time": "2019-05-22T15:30:10.537Z", "user": 1, "content_type": 9, "object_id": "2", "object_repr": "lorem ipsum", "action_flag": 2, "change_message": "[]"}}, {"model": "admin.logentry", "pk": 8, "fields": {"action_time": "2019-05-22T15:31:30.120Z", "user": 1, "content_type": 7, "object_id": "1", "object_repr": "Nature", "action_flag": 1, "change_message": "[{\"added\": {}}]"}}, {"model": "admin.logentry", "pk": 9, "fields": {"action_time": "2019-05-22T15:31:51.130Z", "user": 1, "content_type": 7, "object_id": "2", "object_repr": "Portraits", "action_flag": 1, "change_message": "[{\"added\": {}}]"}}, {"model": "admin.logentry", "pk": 10, "fields": {"action_time": "2019-05-22T15:31:59.772Z", "user": 1, "content_type": 7, "object_id": "3", "object_repr": "Urbain", "action_flag": 1, "change_message": "[{\"added\": {}}]"}}, {"model": "admin.logentry", "pk": 11, "fields": {"action_time": "2019-05-22T15:32:10.404Z", "user": 1, "content_type": 7, "object_id": "4", "object_repr": "Events", "action_flag": 1, "change_message": "[{\"added\": {}}]"}}, {"model": "admin.logentry", "pk": 12, "fields": {"action_time": "2019-05-22T15:32:15.420Z", "user": 1, "content_type": 7, "object_id": "5", "object_repr": "Travels", "action_flag": 1, "change_message": "[{\"added\": {}}]"}}, {"model": "admin.logentry", "pk": 13, "fields": {"action_time": "2019-05-22T15:32:21.462Z", "user": 1, "content_type": 7, "object_id": "6", "object_repr": "Unusual", "action_flag": 1, "change_message": "[{\"added\": {}}]"}}, {"model": "admin.logentry", "pk": 14, "fields": {"action_time": "2019-05-22T15:33:08.913Z", "user": 1, "content_type": 11, "object_id": "3", "object_repr": "Picture object (3)", "action_flag": 1, "change_message": "[{\"added\": {}}]"}}, {"model": "admin.logentry", "pk": 15, "fields": {"action_time": "2019-05-22T15:33:43.711Z", "user": 1, "content_type": 11, "object_id": "3", "object_repr": "Picture object (3)", "action_flag": 2, "change_message": "[]"}}, {"model": "admin.logentry", "pk": 16, "fields": {"action_time": "2019-05-22T15:34:22.717Z", "user": 1, "content_type": 11, "object_id": "4", "object_repr": "Picture object (4)", "action_flag": 1, "change_message": "[{\"added\": {}}]"}}, {"model": "admin.logentry", "pk": 17, "fields": {"action_time": "2019-05-22T15:34:38.317Z", "user": 1, "content_type": 11, "object_id": "5", "object_repr": "Picture object (5)", "action_flag": 1, "change_message": "[{\"added\": {}}]"}}, {"model": "admin.logentry", "pk": 18, "fields": {"action_time": "2019-05-22T15:34:45.600Z", "user": 1, "content_type": 11, "object_id": "5", "object_repr": "Picture object (5)", "action_flag": 2, "change_message": "[{\"changed\": {\"fields\": [\"category\"]}}]"}}, {"model": "admin.logentry", "pk": 19, "fields": {"action_time": "2019-05-22T15:35:00.223Z", "user": 1, "content_type": 11, "object_id": "6", "object_repr": "Picture object (6)", "action_flag": 1, "change_message": "[{\"added\": {}}]"}}, {"model": "admin.logentry", "pk": 20, "fields": {"action_time": "2019-05-22T15:35:21.777Z", "user": 1, "content_type": 11, "object_id": "7", "object_repr": "Picture object (7)", "action_flag": 1, "change_message": "[{\"added\": {}}]"}}, {"model": "admin.logentry", "pk": 21, "fields": {"action_time": "2019-05-22T15:35:35.740Z", "user": 1, "content_type": 11, "object_id": "8", "object_repr": "Picture object (8)", "action_flag": 1, "change_message": "[{\"added\": {}}]"}}, {"model": "admin.logentry", "pk": 22, "fields": {"action_time": "2019-05-22T15:35:52.418Z", "user": 1, "content_type": 11, "object_id": "9", "object_repr": "Picture object (9)", "action_flag": 1, "change_message": "[{\"added\": {}}]"}}, {"model": "admin.logentry", "pk": 23, "fields": {"action_time": "2019-05-22T15:36:05.109Z", "user": 1, "content_type": 11, "object_id": "10", "object_repr": "Picture object (10)", "action_flag": 1, "change_message": "[{\"added\": {}}]"}}, {"model": "admin.logentry", "pk": 24, "fields": {"action_time": "2019-05-22T15:37:30.051Z", "user": 1, "content_type": 11, "object_id": "5", "object_repr": "Picture object (5)", "action_flag": 2, "change_message": "[]"}}, {"model": "admin.logentry", "pk": 25, "fields": {"action_time": "2019-05-22T15:37:43.899Z", "user": 1, "content_type": 11, "object_id": "5", "object_repr": "Picture object (5)", "action_flag": 2, "change_message": "[{\"changed\": {\"fields\": [\"image\"]}}]"}}, {"model": "admin.logentry", "pk": 26, "fields": {"action_time": "2019-05-22T16:02:20.360Z", "user": 1, "content_type": 11, "object_id": "11", "object_repr": "Picture object (11)", "action_flag": 1, "change_message": "[{\"added\": {}}]"}}, {"model": "admin.logentry", "pk": 27, "fields": {"action_time": "2019-05-22T16:06:00.755Z", "user": 1, "content_type": 9, "object_id": "1", "object_repr": "lorem ipsum", "action_flag": 2, "change_message": "[]"}}, {"model": "admin.logentry", "pk": 28, "fields": {"action_time": "2019-05-22T16:06:27.168Z", "user": 1, "content_type": 9, "object_id": "12", "object_repr": "lorem ipsum", "action_flag": 1, "change_message": "[{\"added\": {}}]"}}, {"model": "admin.logentry", "pk": 29, "fields": {"action_time": "2019-05-22T16:06:54.371Z", "user": 1, "content_type": 10, "object_id": "13", "object_repr": "Offer object (13)", "action_flag": 1, "change_message": "[{\"added\": {}}]"}}, {"model": "admin.logentry", "pk": 30, "fields": {"action_time": "2019-05-22T16:07:56.076Z", "user": 1, "content_type": 10, "object_id": "14", "object_repr": "Offer object (14)", "action_flag": 1, "change_message": "[{\"added\": {}}]"}}, {"model": "admin.logentry", "pk": 31, "fields": {"action_time": "2019-05-22T16:08:07.043Z", "user": 1, "content_type": 10, "object_id": "15", "object_repr": "Offer object (15)", "action_flag": 1, "change_message": "[{\"added\": {}}]"}}, {"model": "admin.logentry", "pk": 32, "fields": {"action_time": "2019-05-23T09:09:42.774Z", "user": 1, "content_type": 9, "object_id": "12", "object_repr": "lorem ipsum", "action_flag": 2, "change_message": "[{\"changed\": {\"fields\": [\"image\"]}}]"}}, {"model": "admin.logentry", "pk": 33, "fields": {"action_time": "2019-05-23T09:09:55.216Z", "user": 1, "content_type": 9, "object_id": "12", "object_repr": "lorem ipsum", "action_flag": 2, "change_message": "[{\"changed\": {\"fields\": [\"image\"]}}]"}}, {"model": "admin.logentry", "pk": 34, "fields": {"action_time": "2019-05-23T09:10:13.786Z", "user": 1, "content_type": 9, "object_id": "1", "object_repr": "lorem ipsum", "action_flag": 2, "change_message": "[{\"changed\": {\"fields\": [\"image\"]}}]"}}, {"model": "admin.logentry", "pk": 35, "fields": {"action_time": "2019-05-23T09:11:18.452Z", "user": 1, "content_type": 9, "object_id": "1", "object_repr": "lorem ipsum", "action_flag": 2, "change_message": "[]"}}, {"model": "admin.logentry", "pk": 36, "fields": {"action_time": "2019-05-23T09:11:29.539Z", "user": 1, "content_type": 9, "object_id": "1", "object_repr": "lorem ipsum", "action_flag": 2, "change_message": "[{\"changed\": {\"fields\": [\"image\"]}}]"}}, {"model": "admin.logentry", "pk": 37, "fields": {"action_time": "2019-05-23T09:11:44.802Z", "user": 1, "content_type": 9, "object_id": "12", "object_repr": "lorem ipsum", "action_flag": 2, "change_message": "[{\"changed\": {\"fields\": [\"image\"]}}]"}}, {"model": "admin.logentry", "pk": 38, "fields": {"action_time": "2019-05-23T09:43:35.987Z", "user": 1, "content_type": 7, "object_id": "3", "object_repr": "Urban", "action_flag": 2, "change_message": "[{\"changed\": {\"fields\": [\"name\"]}}]"}}, {"model": "admin.logentry", "pk": 39, "fields": {"action_time": "2019-05-23T09:47:08.173Z", "user": 1, "content_type": 11, "object_id": "16", "object_repr": "Picture object (16)", "action_flag": 1, "change_message": "[{\"added\": {}}]"}}, {"model": "admin.logentry", "pk": 40, "fields": {"action_time": "2019-05-23T09:47:39.772Z", "user": 1, "content_type": 11, "object_id": "17", "object_repr": "Picture object (17)", "action_flag": 1, "change_message": "[{\"added\": {}}]"}}, {"model": "admin.logentry", "pk": 41, "fields": {"action_time": "2019-05-23T09:48:01.039Z", "user": 1, "content_type": 11, "object_id": "18", "object_repr": "Picture object (18)", "action_flag": 1, "change_message": "[{\"added\": {}}]"}}, {"model": "admin.logentry", "pk": 42, "fields": {"action_time": "2019-05-23T09:48:21.035Z", "user": 1, "content_type": 11, "object_id": "19", "object_repr": "Picture object (19)", "action_flag": 1, "change_message": "[{\"added\": {}}]"}}, {"model": "admin.logentry", "pk": 43, "fields": {"action_time": "2019-05-23T09:48:55.023Z", "user": 1, "content_type": 11, "object_id": "20", "object_repr": "Picture object (20)", "action_flag": 1, "change_message": "[{\"added\": {}}]"}}, {"model": "admin.logentry", "pk": 44, "fields": {"action_time": "2019-06-20T09:31:27.025Z", "user": 1, "content_type": 10, "object_id": "15", "object_repr": "Offer object (15)", "action_flag": 2, "change_message": "[{\"changed\": {\"fields\": [\"content\"]}}]"}}, {"model": "admin.logentry", "pk": 45, "fields": {"action_time": "2019-06-20T09:31:46.479Z", "user": 1, "content_type": 10, "object_id": "15", "object_repr": "Offer object (15)", "action_flag": 2, "change_message": "[{\"changed\": {\"fields\": [\"url\"]}}]"}}, {"model": "admin.logentry", "pk": 46, "fields": {"action_time": "2019-06-20T09:32:07.751Z", "user": 1, "content_type": 10, "object_id": "14", "object_repr": "Offer object (14)", "action_flag": 2, "change_message": "[{\"changed\": {\"fields\": [\"content\"]}}]"}}, {"model": "admin.logentry", "pk": 47, "fields": {"action_time": "2019-06-20T09:32:23.348Z", "user": 1, "content_type": 10, "object_id": "13", "object_repr": "Offer object (13)", "action_flag": 2, "change_message": "[{\"changed\": {\"fields\": [\"content\"]}}]"}}, {"model": "admin.logentry", "pk": 48, "fields": {"action_time": "2019-06-20T09:48:47.325Z", "user": 1, "content_type": 10, "object_id": "13", "object_repr": "Offer object (13)", "action_flag": 2, "change_message": "[{\"changed\": {\"fields\": [\"url\"]}}]"}}, {"model": "admin.logentry", "pk": 49, "fields": {"action_time": "2019-06-20T09:49:05.535Z", "user": 1, "content_type": 10, "object_id": "14", "object_repr": "Offer object (14)", "action_flag": 2, "change_message": "[{\"changed\": {\"fields\": [\"url\"]}}]"}}, {"model": "admin.logentry", "pk": 50, "fields": {"action_time": "2019-06-20T09:49:26.634Z", "user": 1, "content_type": 10, "object_id": "15", "object_repr": "Offer object (15)", "action_flag": 2, "change_message": "[{\"changed\": {\"fields\": [\"url\"]}}]"}}, {"model": "admin.logentry", "pk": 51, "fields": {"action_time": "2019-06-20T09:51:07.007Z", "user": 1, "content_type": 9, "object_id": "12", "object_repr": "lorem ipsum", "action_flag": 2, "change_message": "[{\"changed\": {\"fields\": [\"content\"]}}]"}}, {"model": "admin.logentry", "pk": 52, "fields": {"action_time": "2019-06-20T09:55:33.366Z", "user": 1, "content_type": 10, "object_id": "15", "object_repr": "Offer object (15)", "action_flag": 2, "change_message": "[{\"changed\": {\"fields\": [\"content\"]}}]"}}, {"model": "admin.logentry", "pk": 53, "fields": {"action_time": "2019-06-20T09:56:03.749Z", "user": 1, "content_type": 10, "object_id": "15", "object_repr": "Offer object (15)", "action_flag": 2, "change_message": "[]"}}, {"model": "admin.logentry", "pk": 54, "fields": {"action_time": "2019-06-20T09:56:19.050Z", "user": 1, "content_type": 10, "object_id": "15", "object_repr": "Offer object (15)", "action_flag": 2, "change_message": "[{\"changed\": {\"fields\": [\"url\"]}}]"}}, {"model": "admin.logentry", "pk": 55, "fields": {"action_time": "2019-06-20T09:56:27.986Z", "user": 1, "content_type": 10, "object_id": "13", "object_repr": "Offer object (13)", "action_flag": 2, "change_message": "[]"}}, {"model": "admin.logentry", "pk": 56, "fields": {"action_time": "2019-06-20T09:56:58.252Z", "user": 1, "content_type": 10, "object_id": "13", "object_repr": "Offer object (13)", "action_flag": 2, "change_message": "[{\"changed\": {\"fields\": [\"url\"]}}]"}}, {"model": "admin.logentry", "pk": 57, "fields": {"action_time": "2019-06-20T09:57:07.624Z", "user": 1, "content_type": 10, "object_id": "15", "object_repr": "Offer object (15)", "action_flag": 2, "change_message": "[{\"changed\": {\"fields\": [\"url\"]}}]"}}, {"model": "admin.logentry", "pk": 58, "fields": {"action_time": "2019-06-20T09:58:17.227Z", "user": 1, "content_type": 9, "object_id": "12", "object_repr": "lorem ipsum", "action_flag": 2, "change_message": "[{\"changed\": {\"fields\": [\"url\"]}}]"}}, {"model": "admin.logentry", "pk": 59, "fields": {"action_time": "2019-06-20T09:58:24.189Z", "user": 1, "content_type": 9, "object_id": "1", "object_repr": "lorem ipsum", "action_flag": 2, "change_message": "[]"}}, {"model": "admin.logentry", "pk": 60, "fields": {"action_time": "2019-06-20T10:19:14.837Z", "user": 1, "content_type": 12, "object_id": "1", "object_repr": "AboutMe object (1)", "action_flag": 1, "change_message": "[{\"added\": {}}]"}}, {"model": "admin.logentry", "pk": 61, "fields": {"action_time": "2019-06-20T10:19:45.804Z", "user": 1, "content_type": 12, "object_id": "1", "object_repr": "AboutMe object (1)", "action_flag": 3, "change_message": ""}}, {"model": "admin.logentry", "pk": 62, "fields": {"action_time": "2019-06-20T10:20:19.895Z", "user": 1, "content_type": 12, "object_id": "2", "object_repr": "AboutMe object (2)", "action_flag": 1, "change_message": "[{\"added\": {}}]"}}, {"model": "admin.logentry", "pk": 63, "fields": {"action_time": "2019-07-02T11:13:30.737Z", "user": 1, "content_type": 7, "object_id": "3", "object_repr": "Urbain", "action_flag": 2, "change_message": "[{\"changed\": {\"fields\": [\"name\"]}}]"}}, {"model": "admin.logentry", "pk": 64, "fields": {"action_time": "2019-07-02T11:14:08.653Z", "user": 1, "content_type": 7, "object_id": "4", "object_repr": "Ev\u00e9nements", "action_flag": 2, "change_message": "[{\"changed\": {\"fields\": [\"name\"]}}]"}}, {"model": "admin.logentry", "pk": 65, "fields": {"action_time": "2019-07-02T11:14:15.387Z", "user": 1, "content_type": 7, "object_id": "5", "object_repr": "Voyages", "action_flag": 2, "change_message": "[{\"changed\": {\"fields\": [\"name\"]}}]"}}, {"model": "admin.logentry", "pk": 66, "fields": {"action_time": "2019-07-02T11:14:29.758Z", "user": 1, "content_type": 7, "object_id": "6", "object_repr": "Insolite", "action_flag": 2, "change_message": "[{\"changed\": {\"fields\": [\"name\"]}}]"}}, {"model": "admin.logentry", "pk": 67, "fields": {"action_time": "2019-07-04T14:05:34.296Z", "user": 1, "content_type": 10, "object_id": "13", "object_repr": "Offer object (13)", "action_flag": 3, "change_message": ""}}, {"model": "admin.logentry", "pk": 68, "fields": {"action_time": "2019-07-04T14:06:34.390Z", "user": 1, "content_type": 10, "object_id": "14", "object_repr": "Offer object (14)", "action_flag": 2, "change_message": "[{\"changed\": {\"fields\": [\"image\", \"price\"]}}]"}}, {"model": "admin.logentry", "pk": 69, "fields": {"action_time": "2019-07-04T14:07:55.793Z", "user": 1, "content_type": 10, "object_id": "21", "object_repr": "Offer object (21)", "action_flag": 1, "change_message": "[{\"added\": {}}]"}}]