[{"model": "contenttypes.contenttype", "pk": 1, "fields": {"app_label": "admin", "model": "logentry"}}, {"model": "contenttypes.contenttype", "pk": 2, "fields": {"app_label": "auth", "model": "permission"}}, {"model": "contenttypes.contenttype", "pk": 3, "fields": {"app_label": "auth", "model": "group"}}, {"model": "contenttypes.contenttype", "pk": 4, "fields": {"app_label": "auth", "model": "user"}}, {"model": "contenttypes.contenttype", "pk": 5, "fields": {"app_label": "contenttypes", "model": "contenttype"}}, {"model": "contenttypes.contenttype", "pk": 6, "fields": {"app_label": "sessions", "model": "session"}}, {"model": "contenttypes.contenttype", "pk": 7, "fields": {"app_label": "blog", "model": "category"}}, {"model": "contenttypes.contenttype", "pk": 8, "fields": {"app_label": "blog", "model": "content"}}, {"model": "contenttypes.contenttype", "pk": 9, "fields": {"app_label": "blog", "model": "article"}}, {"model": "contenttypes.contenttype", "pk": 10, "fields": {"app_label": "blog", "model": "offer"}}, {"model": "contenttypes.contenttype", "pk": 11, "fields": {"app_label": "blog", "model": "picture"}}, {"model": "contenttypes.contenttype", "pk": 12, "fields": {"app_label": "blog", "model": "aboutme"}}, {"model": "contenttypes.contenttype", "pk": 13, "fields": {"app_label": "blog_articles", "model": "article"}}, {"model": "contenttypes.contenttype", "pk": 14, "fields": {"app_label": "blog_articles", "model": "comment"}}, {"model": "contenttypes.contenttype", "pk": 15, "fields": {"app_label": "blog_articles", "model": "newsletteruser"}}, {"model": "contenttypes.contenttype", "pk": 16, "fields": {"app_label": "blog", "model": "reservation"}}, {"model": "sessions.session", "pk": "581o0igyozcz56p5opm9qlf173w41mbq", "fields": {"session_data": "Y2M4MWZmNWRjYjQxYjhkNDVkMGYzNmVlYjY5NmQzOGQ2ODY1MGQ3MDp7Il9hdXRoX3VzZXJfaWQiOiIxIiwiX2F1dGhfdXNlcl9iYWNrZW5kIjoiZGphbmdvLmNvbnRyaWIuYXV0aC5iYWNrZW5kcy5Nb2RlbEJhY2tlbmQiLCJfYXV0aF91c2VyX2hhc2giOiI0ZDlkZjgxOTExMWRiODExYWE1NDYyMWY0ODg5NTBmYmJkZmE1YzJmIn0=", "expire_date": "2019-08-20T12:41:37.641Z"}}, {"model": "sessions.session", "pk": "7kh8b3jdfuby9qjvzqgjmbk0r96u0yu2", "fields": {"session_data": "Y2M4MWZmNWRjYjQxYjhkNDVkMGYzNmVlYjY5NmQzOGQ2ODY1MGQ3MDp7Il9hdXRoX3VzZXJfaWQiOiIxIiwiX2F1dGhfdXNlcl9iYWNrZW5kIjoiZGphbmdvLmNvbnRyaWIuYXV0aC5iYWNrZW5kcy5Nb2RlbEJhY2tlbmQiLCJfYXV0aF91c2VyX2hhc2giOiI0ZDlkZjgxOTExMWRiODExYWE1NDYyMWY0ODg5NTBmYmJkZmE1YzJmIn0=", "expire_date": "2019-09-04T09:07:59.699Z"}}, {"model": "sessions.session", "pk": "8fzj6uzcxjy6cad99mzjcvihxu1gl7pd", "fields": {"session_data": "Y2M4MWZmNWRjYjQxYjhkNDVkMGYzNmVlYjY5NmQzOGQ2ODY1MGQ3MDp7Il9hdXRoX3VzZXJfaWQiOiIxIiwiX2F1dGhfdXNlcl9iYWNrZW5kIjoiZGphbmdvLmNvbnRyaWIuYXV0aC5iYWNrZW5kcy5Nb2RlbEJhY2tlbmQiLCJfYXV0aF91c2VyX2hhc2giOiI0ZDlkZjgxOTExMWRiODExYWE1NDYyMWY0ODg5NTBmYmJkZmE1YzJmIn0=", "expire_date": "2019-07-29T12:52:19.088Z"}}, {"model": "sessions.session", "pk": "bz4c3u870aqg318o82bhe43oxkzgsfyo", "fields": {"session_data": "Y2M4MWZmNWRjYjQxYjhkNDVkMGYzNmVlYjY5NmQzOGQ2ODY1MGQ3MDp7Il9hdXRoX3VzZXJfaWQiOiIxIiwiX2F1dGhfdXNlcl9iYWNrZW5kIjoiZGphbmdvLmNvbnRyaWIuYXV0aC5iYWNrZW5kcy5Nb2RlbEJhY2tlbmQiLCJfYXV0aF91c2VyX2hhc2giOiI0ZDlkZjgxOTExMWRiODExYWE1NDYyMWY0ODg5NTBmYmJkZmE1YzJmIn0=", "expire_date": "2019-09-03T20:46:39.163Z"}}, {"model": "sessions.session", "pk": "lkeoudbindbjo15m9ro5l1wrrfpkr3wu", "fields": {"session_data": "Y2M4MWZmNWRjYjQxYjhkNDVkMGYzNmVlYjY5NmQzOGQ2ODY1MGQ3MDp7Il9hdXRoX3VzZXJfaWQiOiIxIiwiX2F1dGhfdXNlcl9iYWNrZW5kIjoiZGphbmdvLmNvbnRyaWIuYXV0aC5iYWNrZW5kcy5Nb2RlbEJhY2tlbmQiLCJfYXV0aF91c2VyX2hhc2giOiI0ZDlkZjgxOTExMWRiODExYWE1NDYyMWY0ODg5NTBmYmJkZmE1YzJmIn0=", "expire_date": "2019-07-31T14:58:14.052Z"}}, {"model": "sessions.session", "pk": "mp044m0efego440c7pmce3es3qccmodv", "fields": {"session_data": "Y2M4MWZmNWRjYjQxYjhkNDVkMGYzNmVlYjY5NmQzOGQ2ODY1MGQ3MDp7Il9hdXRoX3VzZXJfaWQiOiIxIiwiX2F1dGhfdXNlcl9iYWNrZW5kIjoiZGphbmdvLmNvbnRyaWIuYXV0aC5iYWNrZW5kcy5Nb2RlbEJhY2tlbmQiLCJfYXV0aF91c2VyX2hhc2giOiI0ZDlkZjgxOTExMWRiODExYWE1NDYyMWY0ODg5NTBmYmJkZmE1YzJmIn0=", "expire_date": "2019-09-10T00:14:40.856Z"}}, {"model": "sessions.session", "pk": "ms3pm8jjmpzc6v7wu8c8yuhyt2n1xb4v", "fields": {"session_data": "Y2M4MWZmNWRjYjQxYjhkNDVkMGYzNmVlYjY5NmQzOGQ2ODY1MGQ3MDp7Il9hdXRoX3VzZXJfaWQiOiIxIiwiX2F1dGhfdXNlcl9iYWNrZW5kIjoiZGphbmdvLmNvbnRyaWIuYXV0aC5iYWNrZW5kcy5Nb2RlbEJhY2tlbmQiLCJfYXV0aF91c2VyX2hhc2giOiI0ZDlkZjgxOTExMWRiODExYWE1NDYyMWY0ODg5NTBmYmJkZmE1YzJmIn0=", "expire_date": "2019-08-20T12:06:03.132Z"}}, {"model": "sessions.session", "pk": "qelodxq9ygf9h4w42cdb5kb7tknm6vr7", "fields": {"session_data": "Y2M4MWZmNWRjYjQxYjhkNDVkMGYzNmVlYjY5NmQzOGQ2ODY1MGQ3MDp7Il9hdXRoX3VzZXJfaWQiOiIxIiwiX2F1dGhfdXNlcl9iYWNrZW5kIjoiZGphbmdvLmNvbnRyaWIuYXV0aC5iYWNrZW5kcy5Nb2RlbEJhY2tlbmQiLCJfYXV0aF91c2VyX2hhc2giOiI0ZDlkZjgxOTExMWRiODExYWE1NDYyMWY0ODg5NTBmYmJkZmE1YzJmIn0=", "expire_date": "2019-07-30T07:44:39.989Z"}}, {"model": "sessions.session", "pk": "s7td37gz9gcvhy00g81u87lztnbew657", "fields": {"session_data": "Y2M4MWZmNWRjYjQxYjhkNDVkMGYzNmVlYjY5NmQzOGQ2ODY1MGQ3MDp7Il9hdXRoX3VzZXJfaWQiOiIxIiwiX2F1dGhfdXNlcl9iYWNrZW5kIjoiZGphbmdvLmNvbnRyaWIuYXV0aC5iYWNrZW5kcy5Nb2RlbEJhY2tlbmQiLCJfYXV0aF91c2VyX2hhc2giOiI0ZDlkZjgxOTExMWRiODExYWE1NDYyMWY0ODg5NTBmYmJkZmE1YzJmIn0=", "expire_date": "2019-08-29T14:29:35.756Z"}}, {"model": "sessions.session", "pk": "sv42v5vmn5123ov627m5phb14d5e2hyj", "fields": {"session_data": "Y2M4MWZmNWRjYjQxYjhkNDVkMGYzNmVlYjY5NmQzOGQ2ODY1MGQ3MDp7Il9hdXRoX3VzZXJfaWQiOiIxIiwiX2F1dGhfdXNlcl9iYWNrZW5kIjoiZGphbmdvLmNvbnRyaWIuYXV0aC5iYWNrZW5kcy5Nb2RlbEJhY2tlbmQiLCJfYXV0aF91c2VyX2hhc2giOiI0ZDlkZjgxOTExMWRiODExYWE1NDYyMWY0ODg5NTBmYmJkZmE1YzJmIn0=", "expire_date": "2019-07-29T10:57:10.954Z"}}, {"model": "blog.content", "pk": 1, "fields": {"title": "lorem ipsum", "content": "xvxfdf", "created_at": "2019-07-15T10:57:56Z", "is_visible": true, "url": "media/pictures/pictures/dan-gold-mgaS4FlsYxQ-unsplash.jpg"}}, {"model": "blog.content", "pk": 2, "fields": {"title": "rege", "content": "fgdfg", "created_at": "2019-07-15T11:23:11Z", "is_visible": true, "url": "media/pictures/pictures/blur-cellphone-composition-1483905.jpg"}}, {"model": "blog.content", "pk": 3, "fields": {"title": "dgbd", "content": "gbdg", "created_at": "2019-07-15T11:23:26Z", "is_visible": true, "url": "media/pictures/pictures/blur-cellphone-close-up-196646_zovBNAe.jpg"}}, {"model": "blog.content", "pk": 4, "fields": {"title": "zerf", "content": "refzf", "created_at": "2019-07-15T11:25:29Z", "is_visible": true, "url": "media/pictures/pictures/blur-cellphone-close-up-196646.jpg"}}, {"model": "blog.content", "pk": 5, "fields": {"title": "dg", "content": "dggdg", "created_at": "2019-07-15T12:01:36Z", "is_visible": true, "url": "media/pictures/pictures/blur-cellphone-close-up-196644.jpg"}}, {"model": "blog.content", "pk": 6, "fields": {"title": "dgd", "content": "gdg", "created_at": "2019-07-15T12:01:48Z", "is_visible": true, "url": "media/pictures/pictures/cover_bg_3_6eodIoN.jpg"}}, {"model": "blog.content", "pk": 7, "fields": {"title": "gtdt", "content": "dgdg", "created_at": "2019-07-15T12:02:26Z", "is_visible": true, "url": "media/pictures/pictures/sample.jpg"}}, {"model": "blog.content", "pk": 8, "fields": {"title": "fgf", "content": "gsdg", "created_at": "2019-07-15T12:03:09Z", "is_visible": true, "url": "media/pictures/pictures/sample.jpg"}}, {"model": "blog.content", "pk": 9, "fields": {"title": "dfgd", "content": "dgd", "created_at": "2019-07-15T12:04:07Z", "is_visible": true, "url": "media/pictures/pictures/sample.jpg"}}, {"model": "blog.content", "pk": 10, "fields": {"title": "Lorem ipsum", "content": "Lorem ipsum dolor sit amet, consectetur adipiscing elit. Pellentesque elit ipsum, condimentum eu diam quis, ullamcorper imperdiet erat. Etiam convallis lorem a maximus malesuada. Etiam finibus eu felis sed lacinia. Etiam id neque metus. Fusce pharetra augue eu turpis porta, eu consectetur eros rutrum. Aenean pellentesque nibh vitae libero pretium, sed pellentesque neque gravida. Aliquam tristique lorem eget velit vehicula mollis.\r\n\r\nAenean varius accumsan diam eget sollicitudin. Etiam id sollicitudin erat, eget maximus ante. Vestibulum eu metus in libero iaculis tincidunt id accumsan arcu. Sed at est finibus augue luctus congue ut nec massa. Donec eget velit augue. Donec id enim maximus, imperdiet sapien vitae, blandit velit. Maecenas in neque nunc. In porta lobortis lacus at eleifend. Vestibulum posuere libero eget pulvinar tincidunt. Vivamus sodales dapibus placerat. Nulla vitae porta nibh. Nunc ornare dolor ut ligula tempus, tristique auctor nulla semper. Duis molestie massa ut erat ornare, eu suscipit neque fermentum. In hac habitasse platea dictumst. Duis venenatis arcu sem, in posuere ipsum interdum id. Maecenas dui mi, commodo non ultrices ac, maximus nec nibh.", "created_at": "2019-07-15T12:52:33Z", "is_visible": true, "url": "medias/articles/pictures/coffee-dult-electronics-461050.jpg"}}, {"model": "blog.content", "pk": 11, "fields": {"title": "Lorem ipsum", "content": "Lorem ipsum dolor sit amet, consectetur adipiscing elit. Pellentesque elit ipsum, condimentum eu diam quis, ullamcorper imperdiet erat. Etiam convallis lorem a maximus malesuada. Etiam finibus eu felis sed lacinia. Etiam id neque metus. Fusce pharetra augue eu turpis porta, eu consectetur eros rutrum. Aenean pellentesque nibh vitae libero pretium, sed pellentesque neque gravida. Aliquam tristique lorem eget velit vehicula mollis.\r\n\r\nAenean varius accumsan diam eget sollicitudin. Etiam id sollicitudin erat, eget maximus ante. Vestibulum eu metus in libero iaculis tincidunt id accumsan arcu. Sed at est finibus augue luctus congue ut nec massa. Donec eget velit augue. Donec id enim maximus, imperdiet sapien vitae, blandit velit. Maecenas in neque nunc. In porta lobortis lacus at eleifend. Vestibulum posuere libero eget pulvinar tincidunt. Vivamus sodales dapibus placerat. Nulla vitae porta nibh. Nunc ornare dolor ut ligula tempus, tristique auctor nulla semper. Duis molestie massa ut erat ornare, eu suscipit neque fermentum. In hac habitasse platea dictumst. Duis venenatis arcu sem, in posuere ipsum interdum id. Maecenas dui mi, commodo non ultrices ac, maximus nec nibh.", "created_at": "2019-07-15T12:53:20Z", "is_visible": true, "url": "medias/articles/pictures/joanna-kosinska-spAkZnUleVw-unsplash.jpg"}}, {"model": "blog.content", "pk": 12, "fields": {"title": "Lorem ipsum", "content": "Lorem ipsum dolor sit amet, consectetur adipiscing elit. Pellentesque elit ipsum, condimentum eu diam quis, ullamcorper imperdiet erat. Etiam convallis lorem a maximus malesuada. Etiam finibus eu felis sed lacinia. Etiam id neque metus. Fusce pharetra augue eu turpis porta, eu consectetur eros rutrum. Aenean pellentesque nibh vitae libero pretium, sed pellentesque neque gravida. Aliquam tristique lorem eget velit vehicula mollis.\r\n\r\nAenean varius accumsan diam eget sollicitudin. Etiam id sollicitudin erat, eget maximus ante. Vestibulum eu metus in libero iaculis tincidunt id accumsan arcu. Sed at est finibus augue luctus congue ut nec massa. Donec eget velit augue. Donec id enim maximus, imperdiet sapien vitae, blandit velit. Maecenas in neque nunc. In porta lobortis lacus at eleifend. Vestibulum posuere libero eget pulvinar tincidunt. Vivamus sodales dapibus placerat. Nulla vitae porta nibh. Nunc ornare dolor ut ligula tempus, tristique auctor nulla semper. Duis molestie massa ut erat ornare, eu suscipit neque fermentum. In hac habitasse platea dictumst. Duis venenatis arcu sem, in posuere ipsum interdum id. Maecenas dui mi, commodo non ultrices ac, maximus nec nibh.", "created_at": "2019-07-15T12:54:14Z", "is_visible": true, "url": "media/offers/pictures/blur-cellphone-composition-1483905.jpg"}}, {"model": "blog.content", "pk": 13, "fields": {"title": "Lorem ipsum", "content": "Lorem ipsum dolor sit amet, consectetur adipiscing elit. Pellentesque elit ipsum, condimentum eu diam quis, ullamcorper imperdiet erat. Etiam convallis lorem a maximus malesuada. Etiam finibus eu felis sed lacinia. Etiam id neque metus. Fusce pharetra augue eu turpis porta, eu consectetur eros rutrum. Aenean pellentesque nibh vitae libero pretium, sed pellentesque neque gravida. Aliquam tristique lorem eget velit vehicula mollis.\r\n\r\nAenean varius accumsan diam eget sollicitudin. Etiam id sollicitudin erat, eget maximus ante. Vestibulum eu metus in libero iaculis tincidunt id accumsan arcu. Sed at est finibus augue luctus congue ut nec massa. Donec eget velit augue. Donec id enim maximus, imperdiet sapien vitae, blandit velit. Maecenas in neque nunc. In porta lobortis lacus at eleifend. Vestibulum posuere libero eget pulvinar tincidunt. Vivamus sodales dapibus placerat. Nulla vitae porta nibh. Nunc ornare dolor ut ligula tempus, tristique auctor nulla semper. Duis molestie massa ut erat ornare, eu suscipit neque fermentum. In hac habitasse platea dictumst. Duis venenatis arcu sem, in posuere ipsum interdum id. Maecenas dui mi, commodo non ultrices ac, maximus nec nibh.", "created_at": "2019-07-15T12:54:45Z", "is_visible": true, "url": "media/offers/pictures/anete-lusina-zwsHjakE_iI-unsplash.jpg"}}, {"model": "blog.content", "pk": 14, "fields": {"title": "Lorem ipsum", "content": "Lorem ipsum dolor sit amet, consectetur adipiscing elit. Vivamus pulvinar enim ornare risus ornare molestie. Nulla pharetra, lacus eget feugiat faucibus, lacus neque vehicula lorem, ac fringilla est lorem vitae arcu. Praesent id placerat eros. Nulla ac mauris turpis. Aliquam accumsan orci non lobortis laoreet. Pellentesque habitant morbi tristique senectus et netus et malesuada fames ac turpis egestas. Praesent imperdiet vulputate ultricies. Fusce scelerisque aliquet venenatis. Mauris id nibh ipsum. Curabitur eget elit mattis ante rhoncus lacinia. Pellentesque pharetra, elit at congue molestie, elit purus lobortis orci, sit amet lobortis sapien est sit amet erat. Integer accumsan gravida erat, id porta turpis malesuada sit amet. Mauris ex ante, dignissim in felis in, porta porttitor ipsum. Praesent ut lorem maximus, commodo sapien quis, suscipit dui. Fusce accumsan dui erat, eget vehicula erat tempor et.", "created_at": "2019-07-16T07:14:24Z", "is_visible": true, "url": "media/offers/pictures/blur-cellphone-close-up-196646.jpg"}}, {"model": "blog.content", "pk": 15, "fields": {"title": "Lorem ipsum", "content": "Lorem ipsum dolor sit amet, consectetur adipiscing elit. Vivamus pulvinar enim ornare risus ornare molestie. Nulla pharetra, lacus eget feugiat faucibus, lacus neque vehicula lorem, ac fringilla est lorem vitae arcu. Praesent id placerat eros. Nulla ac mauris turpis. Aliquam accumsan orci non lobortis laoreet. Pellentesque habitant morbi tristique senectus et netus et malesuada fames ac turpis egestas. Praesent imperdiet vulputate ultricies. Fusce scelerisque aliquet venenatis. Mauris id nibh ipsum. Curabitur eget elit mattis ante rhoncus lacinia. Pellentesque pharetra, elit at congue molestie, elit purus lobortis orci, sit amet lobortis sapien est sit amet erat. Integer accumsan gravida erat, id porta turpis malesuada sit amet. Mauris ex ante, dignissim in felis in, porta porttitor ipsum. Praesent ut lorem maximus, commodo sapien quis, suscipit dui. Fusce accumsan dui erat, eget vehicula erat tempor et.", "created_at": "2019-07-16T07:15:23Z", "is_visible": true, "url": "medias/articles/pictures/niko-photos-tGTVxeOr_Rs-unsplash.jpg"}}, {"model": "blog.content", "pk": 16, "fields": {"title": "lorem ipsum", "content": "Lorem ipsum dolor sit amet, consectetur adipiscing elit. Etiam sit amet augue id est placerat iaculis eu in libero. Sed laoreet consectetur elementum. Mauris convallis libero ac sem placerat, vel cursus augue molestie. Maecenas lectus turpis, tempor in orci non, aliquam commodo tortor. Vestibulum nec libero purus. Curabitur vitae metus vestibulum, hendrerit sem nec, faucibus nisl. Fusce commodo aliquet lorem imperdiet consectetur. Nulla pretium gravida libero ac imperdiet. Ut ornare eget dolor ac finibus. In hac habitasse platea dictumst. Vestibulum ante ipsum primis in faucibus orci luctus et ultrices posuere cubilia Curae; Phasellus semper pretium tellus. Sed arcu urna, pulvinar id velit at, blandit vulputate lacus. Nulla ex ligula, mollis tristique erat in, faucibus sollicitudin justo. Proin cursus viverra tellus, rutrum tristique nunc facilisis dapibus. Ut cursus interdum sapien, nec sodales orci scelerisque vel.", "created_at": "2019-07-19T08:05:41Z", "is_visible": true, "url": "media/offers/pictures/carl-heyerdahl-181868-unsplash.jpg"}}, {"model": "blog.content", "pk": 17, "fields": {"title": "lorem ipsum", "content": "Lorem ipsum dolor sit amet, consectetur adipiscing elit. Etiam sit amet augue id est placerat iaculis eu in libero. Sed laoreet consectetur elementum. Mauris convallis libero ac sem placerat, vel cursus augue molestie. Maecenas lectus turpis, tempor in orci non, aliquam commodo tortor. Vestibulum nec libero purus. Curabitur vitae metus vestibulum, hendrerit sem nec, faucibus nisl. Fusce commodo aliquet lorem imperdiet consectetur. Nulla pretium gravida libero ac imperdiet. Ut ornare eget dolor ac finibus. In hac habitasse platea dictumst. Vestibulum ante ipsum primis in faucibus orci luctus et ultrices posuere cubilia Curae; Phasellus semper pretium tellus. Sed arcu urna, pulvinar id velit at, blandit vulputate lacus. Nulla ex ligula, mollis tristique erat in, faucibus sollicitudin justo. Proin cursus viverra tellus, rutrum tristique nunc facilisis dapibus. Ut cursus interdum sapien, nec sodales orci scelerisque vel.", "created_at": "2019-07-19T08:07:18Z", "is_visible": true, "url": "medias/articles/pictures/riccardo-chiarini-2VDa8bnLM8c-unsplash.jpg"}}, {"model": "blog.content", "pk": 18, "fields": {"title": "lorem ipsum", "content": "Lorem ipsum dolor sit amet, consectetur adipiscing elit. Etiam sit amet augue id est placerat iaculis eu in libero. Sed laoreet consectetur elementum. Mauris convallis libero ac sem placerat, vel cursus augue molestie. Maecenas lectus turpis, tempor in orci non, aliquam commodo tortor. Vestibulum nec libero purus. Curabitur vitae metus vestibulum, hendrerit sem nec, faucibus nisl. Fusce commodo aliquet lorem imperdiet consectetur. Nulla pretium gravida libero ac imperdiet. Ut ornare eget dolor ac finibus. In hac habitasse platea dictumst. Vestibulum ante ipsum primis in faucibus orci luctus et ultrices posuere cubilia Curae; Phasellus semper pretium tellus. Sed arcu urna, pulvinar id velit at, blandit vulputate lacus. Nulla ex ligula, mollis tristique erat in, faucibus sollicitudin justo. Proin cursus viverra tellus, rutrum tristique nunc facilisis dapibus. Ut cursus interdum sapien, nec sodales orci scelerisque vel.", "created_at": "2019-07-19T08:22:05Z", "is_visible": true, "url": "medias/articles/pictures/carl-heyerdahl-181868-unsplash.jpg"}}, {"model": "blog.content", "pk": 19, "fields": {"title": "lorem ipsum", "content": "Lorem ipsum dolor sit amet, consectetur adipiscing elit. Etiam sit amet augue id est placerat iaculis eu in libero. Sed laoreet consectetur elementum. Mauris convallis libero ac sem placerat, vel cursus augue molestie. Maecenas lectus turpis, tempor in orci non, aliquam commodo tortor. Vestibulum nec libero purus. Curabitur vitae metus vestibulum, hendrerit sem nec, faucibus nisl. Fusce commodo aliquet lorem imperdiet consectetur. Nulla pretium gravida libero ac imperdiet. Ut ornare eget dolor ac finibus. In hac habitasse platea dictumst. Vestibulum ante ipsum primis in faucibus orci luctus et ultrices posuere cubilia Curae; Phasellus semper pretium tellus. Sed arcu urna, pulvinar id velit at, blandit vulputate lacus. Nulla ex ligula, mollis tristique erat in, faucibus sollicitudin justo. Proin cursus viverra tellus, rutrum tristique nunc facilisis dapibus. Ut cursus interdum sapien, nec sodales orci scelerisque vel.", "created_at": "2019-07-19T08:22:30Z", "is_visible": true, "url": "medias/articles/pictures/joanna-kosinska-spAkZnUleVw-unsplash.jpg"}}, {"model": "blog.content", "pk": 20, "fields": {"title": "lorem ipsum", "content": "Lorem ipsum dolor sit amet, consectetur adipiscing elit. Etiam sit amet augue id est placerat iaculis eu in libero. Sed laoreet consectetur elementum. Mauris convallis libero ac sem placerat, vel cursus augue molestie. Maecenas lectus turpis, tempor in orci non, aliquam commodo tortor. Vestibulum nec libero purus. Curabitur vitae metus vestibulum, hendrerit sem nec, faucibus nisl. Fusce commodo aliquet lorem imperdiet consectetur. Nulla pretium gravida libero ac imperdiet. Ut ornare eget dolor ac finibus. In hac habitasse platea dictumst. Vestibulum ante ipsum primis in faucibus orci luctus et ultrices posuere cubilia Curae; Phasellus semper pretium tellus. Sed arcu urna, pulvinar id velit at, blandit vulputate lacus. Nulla ex ligula, mollis tristique erat in, faucibus sollicitudin justo. Proin cursus viverra tellus, rutrum tristique nunc facilisis dapibus. Ut cursus interdum sapien, nec sodales orci scelerisque vel.", "created_at": "2019-07-19T08:28:11Z", "is_visible": true, "url": "media/offers/pictures/dan-gold-mgaS4FlsYxQ-unsplash.jpg"}}, {"model": "blog.content", "pk": 21, "fields": {"title": "lorem ipsum", "content": "Lorem ipsum dolor sit amet, consectetur adipiscing elit. Etiam sit amet augue id est placerat iaculis eu in libero. Sed laoreet consectetur elementum. Mauris convallis libero ac sem placerat, vel cursus augue molestie. Maecenas lectus turpis, tempor in orci non, aliquam commodo tortor. Vestibulum nec libero purus. Curabitur vitae metus vestibulum, hendrerit sem nec, faucibus nisl. Fusce commodo aliquet lorem imperdiet consectetur. Nulla pretium gravida libero ac imperdiet. Ut ornare eget dolor ac finibus. In hac habitasse platea dictumst. Vestibulum ante ipsum primis in faucibus orci luctus et ultrices posuere cubilia Curae; Phasellus semper pretium tellus. Sed arcu urna, pulvinar id velit at, blandit vulputate lacus. Nulla ex ligula, mollis tristique erat in, faucibus sollicitudin justo. Proin cursus viverra tellus, rutrum tristique nunc facilisis dapibus. Ut cursus interdum sapien, nec sodales orci scelerisque vel.", "created_at": "2019-07-19T08:29:15Z", "is_visible": true, "url": "media/offers/pictures/scott-webb-GQD3Av_9A88-unsplash.jpg"}}, {"model": "blog.content", "pk": 22, "fields": {"title": "lorem ipsum", "content": "Lorem ipsum dolor sit amet, consectetur adipiscing elit. Aliquam vel fringilla justo. Curabitur molestie erat ex, at vehicula nisl maximus id. Sed pulvinar ultricies neque, sit amet egestas elit finibus sit amet. Interdum et malesuada fames ac ante ipsum primis in faucibus. Integer at ligula ligula. Suspendisse potenti. Etiam nec dictum ante. Suspendisse interdum ullamcorper quam, sit amet blandit sem feugiat at. In quis finibus massa. In at nunc dignissim, tincidunt tellus eu, pellentesque sapien. Sed hendrerit lorem vel tincidunt tincidunt. Proin pharetra massa sit amet est mollis, dictum ullamcorper elit blandit. Nullam scelerisque vestibulum rhoncus. Fusce quis pellentesque turpis. Vivamus pulvinar porta ullamcorper.", "created_at": "2019-07-22T10:23:44Z", "is_visible": true, "url": "medias/articles/pictures/scott-webb-GQD3Av_9A88-unsplash.jpg"}}, {"model": "blog.content", "pk": 23, "fields": {"title": "Golden hour", "content": "Terrasse du Mausol\u00e9e Mohammed V au couch\u00e9 de soleil", "created_at": "2019-08-06T12:06:15Z", "is_visible": true, "url": "media/pictures/pictures/sample.jpg"}}, {"model": "blog.content", "pk": 24, "fields": {"title": "lorem ipsum", "content": "test", "created_at": "2019-08-26T23:44:42Z", "is_visible": true, "url": "media/pictures/pictures/sample.jpg"}}, {"model": "blog.picture", "pk": 1, "fields": {"image": "pictures/pictures/dan-gold-mgaS4FlsYxQ-unsplash_6rX7zhN.jpg", "category": 1}}, {"model": "blog.picture", "pk": 2, "fields": {"image": "pictures/pictures/blur-cellphone-composition-1483905_8IDtZ1o.jpg", "category": 1}}, {"model": "blog.picture", "pk": 3, "fields": {"image": "pictures/pictures/blur-cellphone-close-up-196646_zovBNAe_oYFcckJ.jpg", "category": 1}}, {"model": "blog.picture", "pk": 4, "fields": {"image": "pictures/pictures/blur-cellphone-close-up-196646_60O1NH3.jpg", "category": 3}}, {"model": "blog.picture", "pk": 5, "fields": {"image": "pictures/pictures/blur-cellphone-close-up-196644_mLEdZWX.jpg", "category": 3}}, {"model": "blog.picture", "pk": 6, "fields": {"image": "pictures/pictures/cover_bg_3_6eodIoN_gzFIYWq.jpg", "category": 2}}, {"model": "blog.picture", "pk": 7, "fields": {"image": "pictures/pictures/sample_TZJP3U2.jpg", "category": 2}}, {"model": "blog.picture", "pk": 8, "fields": {"image": "pictures/pictures/sample_6Jkw9uM.jpg", "category": 1}}, {"model": "blog.picture", "pk": 9, "fields": {"image": "pictures/pictures/sample.jpg", "category": 1}}, {"model": "blog.picture", "pk": 23, "fields": {"image": "pictures/pictures/sample_uXMoK6V.jpg", "category": 2}}, {"model": "blog.picture", "pk": 24, "fields": {"image": "pictures/pictures/sample_Ew86eiX.jpg", "category": 5}}, {"model": "blog.offer", "pk": 12, "fields": {"image": "offers/pictures/blur-cellphone-composition-1483905_Li76NCv.jpg", "price": 100.0}}, {"model": "blog.offer", "pk": 13, "fields": {"image": "offers/pictures/anete-lusina-zwsHjakE_iI-unsplash_CUoNHBS.jpg", "price": 200.0}}, {"model": "blog.offer", "pk": 14, "fields": {"image": "offers/pictures/blur-cellphone-close-up-196646_iFkFMag.jpg", "price": 200.0}}, {"model": "blog.offer", "pk": 16, "fields": {"image": "offers/pictures/carl-heyerdahl-181868-unsplash_4I6RHjv.jpg", "price": 400.0}}, {"model": "blog.offer", "pk": 20, "fields": {"image": "offers/pictures/dan-gold-mgaS4FlsYxQ-unsplash_mFsYjMV.jpg", "price": 500.0}}, {"model": "blog.offer", "pk": 21, "fields": {"image": "offers/pictures/scott-webb-GQD3Av_9A88-unsplash_emj2w3s.jpg", "price": 10.0}}, {"model": "blog.reservation", "pk": 1, "fields": {"offer": 21, "reservation_author_name": "kologo", "reservation_author_email": "hktech201@gmail.com", "reservation_date": "2019-08-26T18:28:31.370Z"}}, {"model": "blog.reservation", "pk": 2, "fields": {"offer": 14, "reservation_author_name": "hgjgtjg", "reservation_author_email": "dtgdfg@gmail.com", "reservation_date": "2019-08-26T18:51:24.375Z"}}, {"model": "blog.reservation", "pk": 3, "fields": {"offer": 20, "reservation_author_name": "king", "reservation_author_email": "hkdance3@gmail.com", "reservation_date": "2019-08-26T18:53:38.241Z"}}, {"model": "blog.reservation", "pk": 4, "fields": {"offer": 21, "reservation_author_name": "Josias", "reservation_author_email": "kologojosias@gmail.com", "reservation_date": "2019-08-27T00:22:49.706Z"}}, {"model": "blog.reservation", "pk": 5, "fields": {"offer": 21, "reservation_author_name": "kooo", "reservation_author_email": "gj@jc.co", "reservation_date": "2019-08-27T00:28:53.764Z"}}, {"model": "blog.category", "pk": 1, "fields": {"name": "Nature"}}, {"model": "blog.category", "pk": 2, "fields": {"name": "Urbain"}}, {"model": "blog.category", "pk": 3, "fields": {"name": "Insolite"}}, {"model": "blog.category", "pk": 4, "fields": {"name": "\u00c9v\u00e9nement"}}, {"model": "blog.category", "pk": 5, "fields": {"name": "Portraits"}}, {"model": "blog.category", "pk": 6, "fields": {"name": "Voyages"}}, {"model": "blog.aboutme", "pk": 1, "fields": {"firstName": "Jonh", "lastName": "Doe", "phoneNumber": 8596654, "email": "johndoe@gmail.com", "description": "Lorem ipsum dolor sit amet, consectetur adipiscing elit. Pellentesque elit ipsum, condimentum eu diam quis, ullamcorper imperdiet erat. Etiam convallis lorem a maximus malesuada. Etiam finibus eu felis sed lacinia. Etiam id neque metus. Fusce pharetra augue eu turpis porta, eu consectetur eros rutrum. Aenean pellentesque nibh vitae libero pretium, sed pellentesque neque gravida. Aliquam tristique lorem eget velit vehicula mollis.", "image": "profile/pictures/ian-schneider-TamMbr4okv4-unsplash_PA1pROp.jpg", "url": "media/profile/pictures/ian-schneider-TamMbr4okv4-unsplash.jpg", "created_at": "2019-07-15T12:55:09Z"}}, {"model": "blog_articles.article", "pk": 1, "fields": {"title": "first article", "author": "Josias", "slug": "first-article", "content": "<h1>Bonjour &nbsp; &nbsp;<img alt=\"test\" src=\"https://source.unsplash.com/random\" style=\"height:250px; width:200px\" /></h1>\r\n\r\n<p>bla bla bla &nbsp;<img alt=\"\" src=\"https://source.unsplash.com/random\" style=\"height:200px; width:160px\" /></p>\r\n\r\n<p>&nbsp;</p>", "created_at": "2019-08-21T09:19:56Z", "is_visible": true, "url": "media/articles/pictures/sample.jpg", "image": "articles/pictures/sample_irPE9yK.jpg", "meta_keywords": ""}}, {"model": "blog_articles.article", "pk": 2, "fields": {"title": "second article", "author": "John", "slug": "second-article", "content": "<p>Bla bla bla</p>\r\n\r\n<p><img alt=\"\" src=\"https://source.unsplash.com/random\" style=\"border-style:solid; border-width:4px; float:left; height:125px; margin:4px 40px; width:100px\" />Josias Yannick dnfvkjdnmkjvndkjnfkjddddd</p>\r\n\r\n<p>fd;,v ;dfnnvkjf</p>\r\n\r\n<p>&nbsp;</p>\r\n\r\n<p>&nbsp;</p>\r\n\r\n<p>&nbsp;</p>\r\n\r\n<p>d,kfdk,flk,lk,l,dkf,,,,,,,,,,,,,,,,,,d</p>\r\n\r\n<p>bla bla blab</p>", "created_at": "2019-08-21T14:58:04Z", "is_visible": true, "url": "media/articles/pictures/portfolio-3.jpg", "image": "articles/pictures/portfolio-3_VWRK2EB.jpg", "meta_keywords": ""}}, {"model": "blog_articles.article", "pk": 3, "fields": {"title": "example", "author": "John", "slug": "example", "content": "<h2>Lorem Ipsum: usage</h2>\r\n\r\n<p><img src=\"medias/articles/uploads/2019/08/22/image-20190822152650-1.jpg\" style=\"height:120px; width:190px\" /> <strong>Lorem ipsum</strong> is a pseudo-Latin text used in web design, typography, layout, and printing in place of English to emphasise design elements over content. It&#39;s also called placeholder (or filler) text. It&#39;s a convenient tool for mock-ups. It helps to outline the visual elements of a document or presentation, eg typography, font, or layout. Lorem ipsum is mostly a part of a Latin text by the classical author and philosopher Cicero. Its words and letters have been changed by addition or removal, so to deliberately render its content nonsensical; it&#39;s not genuine, correct, or comprehensible Latin anymore. While <strong>lorem ipsum</strong>&#39;s still resembles classical Latin, it actually has no meaning whatsoever. As Cicero&#39;s text doesn&#39;t contain the letters K, W, or Z, alien to latin, these, and others are often inserted randomly to mimic the typographic appearence of European languages, as are digraphs not to be found in the original.</p>\r\n\r\n<p>In a professional context it often happens that private or corporate clients corder a publication to be made and presented with the actual content still not being ready. Think of a news blog that&#39;s filled with content hourly on the day of going live. However, reviewers tend to be distracted by comprehensible content, say, a random text copied from a newspaper or the internet. The are likely to focus on the text, disregarding the layout and its elements. Besides, random text risks to be unintendedly humorous or offensive, an unacceptable risk in corporate environments. <strong>Lorem ipsum</strong> and its many variants have been employed since the early 1960ies, and quite likely since the sixteenth century.</p>\r\n\r\n<h2>Lorem Ipsum: common examples</h2>\r\n\r\n<p><img src=\"medias/articles/uploads/2019/08/22/image-20190822152650-2.jpg\" style=\"height:112px; width:155px\" /> Most of its text is made up from sections 1.10.32&ndash;3 of Cicero&#39;s De finibus bonorum et malorum (On the Boundaries of Goods and Evils; finibus may also be translated as purposes). Neque porro quisquam est qui do<strong>lorem ipsum</strong> quia <strong>dolor sit amet, consectetur, adipisci</strong> v<strong>elit</strong> is the first known version (&quot;Neither is there anyone who loves grief itself since it is grief and thus wants to obtain it&quot;). It was found by Richard McClintock, a philologist, director of publications at Hampden-Sydney College in Virginia; he searched for citings of consectetur in classical Latin literature, a term of remarkably low frequency in that literary corpus.</p>\r\n\r\n<p>Cicero famously orated against his political opponent Lucius Sergius Catilina. Occasionally the first Oration against Catiline is taken for type specimens: Quo usque tandem abutere, Catilina, patientia nostra? Quam diu etiam furor iste tuus nos eludet? (How long, O Catiline, will you abuse our patience? And for how long will that madness of yours mock us?)</p>\r\n\r\n<p>Cicero&#39;s version of Liber Primus (first Book), sections 1.10.32&ndash;3 (fragments included in most Lorem Ipsum variants in red):</p>\r\n\r\n<p><img src=\"medias/articles/uploads/2019/08/22/image-20190822152650-3.jpg\" style=\"height:132px; width:178px\" /> Sed ut perspiciatis, unde omnis iste natus error sit voluptatem accusantium doloremque laudantium, totam rem aperiam eaque ipsa, quae ab illo inventore veritatis et quasi architecto beatae vitae dicta sunt, explicabo. Nemo enim ipsam voluptatem, quia voluptas sit, aspernatur aut odit aut fugit, sed quia consequuntur magni dolores eos, qui ratione voluptatem sequi nesciunt, neque porro quisquam est, qui dolorem ipsum, quia dolor sit amet, consectetur, adipisci[ng] velit, sed quia non numquam [do] eius modi tempora inci[di]dunt, ut labore et dolore magnam aliquam quaerat voluptatem. Ut enim ad minima veniam, quis nostrum exercitationem ullam corporis suscipit laboriosam, nisi ut aliquid ex ea commodi consequatur? Quis autem vel eum iure reprehenderit, qui in ea voluptate velit esse, quam nihil molestiae consequatur, vel illum, qui dolorem eum fugiat, quo voluptas nulla pariatur?</p>\r\n\r\n<h2>Lorem Ipsum: translation</h2>\r\n\r\n<p>The Latin scholar H. Rackham translated the above in 1914:</p>\r\n\r\n<p><img src=\"medias/articles/uploads/2019/08/22/image-20190822152650-4.jpg\" style=\"height:210px; width:137px\" /> But I must explain to you how all this mistaken idea of denouncing pleasure and praising pain was born and I will give you a complete account of the system, and expound the actual teachings of the great explorer of the truth, the master-builder of human happiness. No one rejects, dislikes, or avoids pleasure itself, because it is pleasure, but because those who do not know how to pursue pleasure rationally encounter consequences that are extremely painful. Nor again is there anyone who loves or pursues or desires to obtain pain of itself, because it is pain, but occasionally circumstances occur in which toil and pain can procure him some great pleasure. To take a trivial example, which of us ever undertakes laborious physical exercise, except to obtain some advantage from it? But who has any right to find fault with a man who chooses to enjoy a pleasure that has no annoying consequences, or one who avoids a pain that produces no resultant pleasure?</p>\r\n\r\n<p>On the other hand, we denounce with righteous indignation and dislike men who are so beguiled and demoralized by the charms of pleasure of the moment, so blinded by desire, that they cannot foresee the pain and trouble that are bound to ensue; and equal blame belongs to those who fail in their duty through weakness of will, which is the same as saying through shrinking from toil and pain. These cases are perfectly simple and easy to distinguish. In a free hour, when our power of choice is untrammelled and when nothing prevents our being able to do what we like best, every pleasure is to be welcomed and every pain avoided. But in certain circumstances and owing to the claims of duty or the obligations of business it will frequently occur that pleasures have to be repudiated and annoyances accepted. The wise man therefore always holds in these matters to this principle of selection: he rejects pleasures to secure other greater pleasures, or else he endures pains to avoid worse pains.</p>\r\n\r\n<h2>Lorem Ipsum: variants and technical information</h2>\r\n\r\n<p> In 1985 Aldus Corporation launched its first desktop publishing program Aldus PageMaker for Apple Macintosh computers, released in 1987 for PCs running Windows 1.0. Both contained the variant lorem ipsum most common today. Laura Perry, then art director with Aldus, modified prior versions of <strong>Lorem Ipsum</strong> text from typographical specimens; in the 1960s and 1970s it appeared often in lettering catalogs by Letraset. Anecdotal evidence has it that Letraset used <strong>Lorem ipsum</strong> already from 1970 onwards, eg. for grids (page layouts) for ad agencies. Many early desktop publishing programs, eg. Adobe PageMaker, used it to create template.</p>\r\n\r\n<p>Most text editors like MS Word or Lotus Notes generate random <strong>lorem text</strong> when needed, either as pre-installed module or plug-in to be added. Word selection or sequence don&#39;t necessarily match the original, which is intended to add variety. Presentation software like Keynote or Pages use it as a samples for screenplay layout. Content management software as Joomla, Drupal, Mambo, PHP-Nuke, WordPress, or Movable Type offer <strong>Lorem Ipsum</strong> plug-ins with the same functionality.</p>", "created_at": "2019-08-22T14:26:41Z", "is_visible": false, "url": "media/articles/pictures/portfolio-8.jpg", "image": "articles/pictures/portfolio-8_XjNIyoV.jpg", "meta_keywords": "example"}}, {"model": "blog_articles.article", "pk": 4, "fields": {"title": "Merci", "author": "Josias", "slug": "Merci", "content": "<p><img alt=\"\" src=\"/media/uploads/2019/08/27/logo-sephora.png\" style=\"height:165px; width:250px\" /><img alt=\"\" src=\"/media/uploads/2019/08/27/sample.jpg\" style=\"height:85px; width:128px\" /></p>", "created_at": "2019-08-26T23:18:30Z", "is_visible": false, "url": "media/articles/pictures/sample_ivQKzNv.jpg", "image": "articles/pictures/sample_ivQKzNv_cwgNsf1.jpg", "meta_keywords": "merci"}}, {"model": "blog_articles.comment", "pk": 1, "fields": {"article": 1, "author_name": "king", "author_email": "king@gmail.com", "text": "Test", "created_at": "2019-08-22T09:11:29.030Z", "approved_comment": false}}, {"model": "blog_articles.comment", "pk": 2, "fields": {"article": 2, "author_name": "Josias", "author_email": "josias@gmail.com", "text": "Test2", "created_at": "2019-08-22T09:15:16.686Z", "approved_comment": false}}, {"model": "blog_articles.comment", "pk": 3, "fields": {"article": 2, "author_name": "test", "author_email": "test@gmail.com", "text": "test", "created_at": "2019-08-22T09:16:42.717Z", "approved_comment": false}}, {"model": "blog_articles.comment", "pk": 4, "fields": {"article": 1, "author_name": "Kologo", "author_email": "king@gmail.com", "text": "Test", "created_at": "2019-08-23T21:02:30.948Z", "approved_comment": false}}, {"model": "blog_articles.newsletteruser", "pk": 1, "fields": {"email": "kologojosias@gmail.com", "name": "Josias", "date_subscription": "2019-08-23T21:17:36.057Z"}}, {"model": "blog_articles.newsletteruser", "pk": 2, "fields": {"email": "hktech201@gmail.com", "name": "hkTech", "date_subscription": "2019-08-23T21:25:40.955Z"}}, {"model": "blog_articles.newsletteruser", "pk": 5, "fields": {"email": "hkdance3@gmail.com", "name": "hkdance", "date_subscription": "2019-08-23T22:59:55.053Z"}}, {"model": "blog_articles.newsletteruser", "pk": 6, "fields": {"email": "yannking13@gmail.com", "name": "Yann", "date_subscription": "2019-08-23T23:09:52.376Z"}}, {"model": "blog_articles.newsletteruser", "pk": 7, "fields": {"email": "sintraore1@gmail.com", "name": "Sine", "date_subscription": "2019-08-23T23:35:43.215Z"}}, {"model": "auth.permission", "pk": 1, "fields": {"name": "Can add log entry", "content_type": 1, "codename": "add_logentry"}}, {"model": "auth.permission", "pk": 2, "fields": {"name": "Can change log entry", "content_type": 1, "codename": "change_logentry"}}, {"model": "auth.permission", "pk": 3, "fields": {"name": "Can delete log entry", "content_type": 1, "codename": "delete_logentry"}}, {"model": "auth.permission", "pk": 4, "fields": {"name": "Can view log entry", "content_type": 1, "codename": "view_logentry"}}, {"model": "auth.permission", "pk": 5, "fields": {"name": "Can add permission", "content_type": 2, "codename": "add_permission"}}, {"model": "auth.permission", "pk": 6, "fields": {"name": "Can change permission", "content_type": 2, "codename": "change_permission"}}, {"model": "auth.permission", "pk": 7, "fields": {"name": "Can delete permission", "content_type": 2, "codename": "delete_permission"}}, {"model": "auth.permission", "pk": 8, "fields": {"name": "Can view permission", "content_type": 2, "codename": "view_permission"}}, {"model": "auth.permission", "pk": 9, "fields": {"name": "Can add group", "content_type": 3, "codename": "add_group"}}, {"model": "auth.permission", "pk": 10, "fields": {"name": "Can change group", "content_type": 3, "codename": "change_group"}}, {"model": "auth.permission", "pk": 11, "fields": {"name": "Can delete group", "content_type": 3, "codename": "delete_group"}}, {"model": "auth.permission", "pk": 12, "fields": {"name": "Can view group", "content_type": 3, "codename": "view_group"}}, {"model": "auth.permission", "pk": 13, "fields": {"name": "Can add user", "content_type": 4, "codename": "add_user"}}, {"model": "auth.permission", "pk": 14, "fields": {"name": "Can change user", "content_type": 4, "codename": "change_user"}}, {"model": "auth.permission", "pk": 15, "fields": {"name": "Can delete user", "content_type": 4, "codename": "delete_user"}}, {"model": "auth.permission", "pk": 16, "fields": {"name": "Can view user", "content_type": 4, "codename": "view_user"}}, {"model": "auth.permission", "pk": 17, "fields": {"name": "Can add content type", "content_type": 5, "codename": "add_contenttype"}}, {"model": "auth.permission", "pk": 18, "fields": {"name": "Can change content type", "content_type": 5, "codename": "change_contenttype"}}, {"model": "auth.permission", "pk": 19, "fields": {"name": "Can delete content type", "content_type": 5, "codename": "delete_contenttype"}}, {"model": "auth.permission", "pk": 20, "fields": {"name": "Can view content type", "content_type": 5, "codename": "view_contenttype"}}, {"model": "auth.permission", "pk": 21, "fields": {"name": "Can add session", "content_type": 6, "codename": "add_session"}}, {"model": "auth.permission", "pk": 22, "fields": {"name": "Can change session", "content_type": 6, "codename": "change_session"}}, {"model": "auth.permission", "pk": 23, "fields": {"name": "Can delete session", "content_type": 6, "codename": "delete_session"}}, {"model": "auth.permission", "pk": 24, "fields": {"name": "Can view session", "content_type": 6, "codename": "view_session"}}, {"model": "auth.permission", "pk": 25, "fields": {"name": "Can add category", "content_type": 7, "codename": "add_category"}}, {"model": "auth.permission", "pk": 26, "fields": {"name": "Can change category", "content_type": 7, "codename": "change_category"}}, {"model": "auth.permission", "pk": 27, "fields": {"name": "Can delete category", "content_type": 7, "codename": "delete_category"}}, {"model": "auth.permission", "pk": 28, "fields": {"name": "Can view category", "content_type": 7, "codename": "view_category"}}, {"model": "auth.permission", "pk": 29, "fields": {"name": "Can add content", "content_type": 8, "codename": "add_content"}}, {"model": "auth.permission", "pk": 30, "fields": {"name": "Can change content", "content_type": 8, "codename": "change_content"}}, {"model": "auth.permission", "pk": 31, "fields": {"name": "Can delete content", "content_type": 8, "codename": "delete_content"}}, {"model": "auth.permission", "pk": 32, "fields": {"name": "Can view content", "content_type": 8, "codename": "view_content"}}, {"model": "auth.permission", "pk": 33, "fields": {"name": "Can add article", "content_type": 9, "codename": "add_article"}}, {"model": "auth.permission", "pk": 34, "fields": {"name": "Can change article", "content_type": 9, "codename": "change_article"}}, {"model": "auth.permission", "pk": 35, "fields": {"name": "Can delete article", "content_type": 9, "codename": "delete_article"}}, {"model": "auth.permission", "pk": 36, "fields": {"name": "Can view article", "content_type": 9, "codename": "view_article"}}, {"model": "auth.permission", "pk": 37, "fields": {"name": "Can add offer", "content_type": 10, "codename": "add_offer"}}, {"model": "auth.permission", "pk": 38, "fields": {"name": "Can change offer", "content_type": 10, "codename": "change_offer"}}, {"model": "auth.permission", "pk": 39, "fields": {"name": "Can delete offer", "content_type": 10, "codename": "delete_offer"}}, {"model": "auth.permission", "pk": 40, "fields": {"name": "Can view offer", "content_type": 10, "codename": "view_offer"}}, {"model": "auth.permission", "pk": 41, "fields": {"name": "Can add picture", "content_type": 11, "codename": "add_picture"}}, {"model": "auth.permission", "pk": 42, "fields": {"name": "Can change picture", "content_type": 11, "codename": "change_picture"}}, {"model": "auth.permission", "pk": 43, "fields": {"name": "Can delete picture", "content_type": 11, "codename": "delete_picture"}}, {"model": "auth.permission", "pk": 44, "fields": {"name": "Can view picture", "content_type": 11, "codename": "view_picture"}}, {"model": "auth.permission", "pk": 45, "fields": {"name": "Can add about me", "content_type": 12, "codename": "add_aboutme"}}, {"model": "auth.permission", "pk": 46, "fields": {"name": "Can change about me", "content_type": 12, "codename": "change_aboutme"}}, {"model": "auth.permission", "pk": 47, "fields": {"name": "Can delete about me", "content_type": 12, "codename": "delete_aboutme"}}, {"model": "auth.permission", "pk": 48, "fields": {"name": "Can view about me", "content_type": 12, "codename": "view_aboutme"}}, {"model": "auth.permission", "pk": 49, "fields": {"name": "Can add article", "content_type": 13, "codename": "add_article"}}, {"model": "auth.permission", "pk": 50, "fields": {"name": "Can change article", "content_type": 13, "codename": "change_article"}}, {"model": "auth.permission", "pk": 51, "fields": {"name": "Can delete article", "content_type": 13, "codename": "delete_article"}}, {"model": "auth.permission", "pk": 52, "fields": {"name": "Can view article", "content_type": 13, "codename": "view_article"}}, {"model": "auth.permission", "pk": 53, "fields": {"name": "Can add comments", "content_type": 14, "codename": "add_comments"}}, {"model": "auth.permission", "pk": 54, "fields": {"name": "Can change comments", "content_type": 14, "codename": "change_comments"}}, {"model": "auth.permission", "pk": 55, "fields": {"name": "Can delete comments", "content_type": 14, "codename": "delete_comments"}}, {"model": "auth.permission", "pk": 56, "fields": {"name": "Can view comments", "content_type": 14, "codename": "view_comments"}}, {"model": "auth.permission", "pk": 57, "fields": {"name": "Can add comment", "content_type": 14, "codename": "add_comment"}}, {"model": "auth.permission", "pk": 58, "fields": {"name": "Can change comment", "content_type": 14, "codename": "change_comment"}}, {"model": "auth.permission", "pk": 59, "fields": {"name": "Can delete comment", "content_type": 14, "codename": "delete_comment"}}, {"model": "auth.permission", "pk": 60, "fields": {"name": "Can view comment", "content_type": 14, "codename": "view_comment"}}, {"model": "auth.permission", "pk": 61, "fields": {"name": "Can add newsletter users", "content_type": 15, "codename": "add_newsletterusers"}}, {"model": "auth.permission", "pk": 62, "fields": {"name": "Can change newsletter users", "content_type": 15, "codename": "change_newsletterusers"}}, {"model": "auth.permission", "pk": 63, "fields": {"name": "Can delete newsletter users", "content_type": 15, "codename": "delete_newsletterusers"}}, {"model": "auth.permission", "pk": 64, "fields": {"name": "Can view newsletter users", "content_type": 15, "codename": "view_newsletterusers"}}, {"model": "auth.permission", "pk": 65, "fields": {"name": "Can add newsletter user", "content_type": 15, "codename": "add_newsletteruser"}}, {"model": "auth.permission", "pk": 66, "fields": {"name": "Can change newsletter user", "content_type": 15, "codename": "change_newsletteruser"}}, {"model": "auth.permission", "pk": 67, "fields": {"name": "Can delete newsletter user", "content_type": 15, "codename": "delete_newsletteruser"}}, {"model": "auth.permission", "pk": 68, "fields": {"name": "Can view newsletter user", "content_type": 15, "codename": "view_newsletteruser"}}, {"model": "auth.permission", "pk": 69, "fields": {"name": "Can add reservation", "content_type": 16, "codename": "add_reservation"}}, {"model": "auth.permission", "pk": 70, "fields": {"name": "Can change reservation", "content_type": 16, "codename": "change_reservation"}}, {"model": "auth.permission", "pk": 71, "fields": {"name": "Can delete reservation", "content_type": 16, "codename": "delete_reservation"}}, {"model": "auth.permission", "pk": 72, "fields": {"name": "Can view reservation", "content_type": 16, "codename": "view_reservation"}}, {"model": "auth.user", "pk": 1, "fields": {"password": "pbkdf2_sha256$150000$f0IWUnXPDlG3$9siFhATFqh9vrqs6yAQPagI83xDGLHWOpg/8xG3nb7U=", "last_login": "2019-08-27T00:14:40.717Z", "is_superuser": true, "username": "king", "first_name": "", "last_name": "", "email": "kologojosias@gmail.com", "is_staff": true, "is_active": true, "date_joined": "2019-07-15T10:57:05.514Z", "groups": [], "user_permissions": []}}, {"model": "admin.logentry", "pk": 1, "fields": {"action_time": "2019-07-15T10:57:42.130Z", "user": 1, "content_type": 7, "object_id": "1", "object_repr": "Nature", "action_flag": 1, "change_message": "[{\"added\": {}}]"}}, {"model": "admin.logentry", "pk": 2, "fields": {"action_time": "2019-07-15T10:58:06.327Z", "user": 1, "content_type": 11, "object_id": "1", "object_repr": "Picture object (1)", "action_flag": 1, "change_message": "[{\"added\": {}}]"}}, {"model": "admin.logentry", "pk": 3, "fields": {"action_time": "2019-07-15T11:23:24.176Z", "user": 1, "content_type": 11, "object_id": "2", "object_repr": "Picture object (2)", "action_flag": 1, "change_message": "[{\"added\": {}}]"}}, {"model": "admin.logentry", "pk": 4, "fields": {"action_time": "2019-07-15T11:23:35.287Z", "user": 1, "content_type": 11, "object_id": "3", "object_repr": "Picture object (3)", "action_flag": 1, "change_message": "[{\"added\": {}}]"}}, {"model": "admin.logentry", "pk": 5, "fields": {"action_time": "2019-07-15T11:24:13.844Z", "user": 1, "content_type": 7, "object_id": "2", "object_repr": "Urbain", "action_flag": 1, "change_message": "[{\"added\": {}}]"}}, {"model": "admin.logentry", "pk": 6, "fields": {"action_time": "2019-07-15T11:24:20.671Z", "user": 1, "content_type": 7, "object_id": "3", "object_repr": "Insolite", "action_flag": 1, "change_message": "[{\"added\": {}}]"}}, {"model": "admin.logentry", "pk": 7, "fields": {"action_time": "2019-07-15T11:24:30.074Z", "user": 1, "content_type": 7, "object_id": "4", "object_repr": "\u00c9v\u00e9nement", "action_flag": 1, "change_message": "[{\"added\": {}}]"}}, {"model": "admin.logentry", "pk": 8, "fields": {"action_time": "2019-07-15T11:24:42.007Z", "user": 1, "content_type": 7, "object_id": "5", "object_repr": "Portraits", "action_flag": 1, "change_message": "[{\"added\": {}}]"}}, {"model": "admin.logentry", "pk": 9, "fields": {"action_time": "2019-07-15T11:25:42.804Z", "user": 1, "content_type": 11, "object_id": "4", "object_repr": "Picture object (4)", "action_flag": 1, "change_message": "[{\"added\": {}}]"}}, {"model": "admin.logentry", "pk": 10, "fields": {"action_time": "2019-07-15T12:01:46.436Z", "user": 1, "content_type": 11, "object_id": "5", "object_repr": "Picture object (5)", "action_flag": 1, "change_message": "[{\"added\": {}}]"}}, {"model": "admin.logentry", "pk": 11, "fields": {"action_time": "2019-07-15T12:01:58.906Z", "user": 1, "content_type": 11, "object_id": "6", "object_repr": "Picture object (6)", "action_flag": 1, "change_message": "[{\"added\": {}}]"}}, {"model": "admin.logentry", "pk": 12, "fields": {"action_time": "2019-07-15T12:02:38.512Z", "user": 1, "content_type": 11, "object_id": "7", "object_repr": "Picture object (7)", "action_flag": 1, "change_message": "[{\"added\": {}}]"}}, {"model": "admin.logentry", "pk": 13, "fields": {"action_time": "2019-07-15T12:03:17.971Z", "user": 1, "content_type": 11, "object_id": "8", "object_repr": "Picture object (8)", "action_flag": 1, "change_message": "[{\"added\": {}}]"}}, {"model": "admin.logentry", "pk": 14, "fields": {"action_time": "2019-07-15T12:03:54.877Z", "user": 1, "content_type": 7, "object_id": "6", "object_repr": "Voyages", "action_flag": 1, "change_message": "[{\"added\": {}}]"}}, {"model": "admin.logentry", "pk": 15, "fields": {"action_time": "2019-07-15T12:04:21.097Z", "user": 1, "content_type": 11, "object_id": "9", "object_repr": "Picture object (9)", "action_flag": 1, "change_message": "[{\"added\": {}}]"}}, {"model": "admin.logentry", "pk": 16, "fields": {"action_time": "2019-07-15T12:53:10.966Z", "user": 1, "content_type": 9, "object_id": "10", "object_repr": "Lorem ipsum", "action_flag": 1, "change_message": "[{\"added\": {}}]"}}, {"model": "admin.logentry", "pk": 17, "fields": {"action_time": "2019-07-15T12:53:34.687Z", "user": 1, "content_type": 9, "object_id": "11", "object_repr": "Lorem ipsum", "action_flag": 1, "change_message": "[{\"added\": {}}]"}}, {"model": "admin.logentry", "pk": 18, "fields": {"action_time": "2019-07-15T12:54:37.891Z", "user": 1, "content_type": 10, "object_id": "12", "object_repr": "Offer object (12)", "action_flag": 1, "change_message": "[{\"added\": {}}]"}}, {"model": "admin.logentry", "pk": 19, "fields": {"action_time": "2019-07-15T12:54:57.885Z", "user": 1, "content_type": 10, "object_id": "13", "object_repr": "Offer object (13)", "action_flag": 1, "change_message": "[{\"added\": {}}]"}}, {"model": "admin.logentry", "pk": 20, "fields": {"action_time": "2019-07-15T12:55:57.387Z", "user": 1, "content_type": 12, "object_id": "1", "object_repr": "AboutMe object (1)", "action_flag": 1, "change_message": "[{\"added\": {}}]"}}, {"model": "admin.logentry", "pk": 21, "fields": {"action_time": "2019-07-16T07:15:07.158Z", "user": 1, "content_type": 10, "object_id": "14", "object_repr": "Offer object (14)", "action_flag": 1, "change_message": "[{\"added\": {}}]"}}, {"model": "admin.logentry", "pk": 22, "fields": {"action_time": "2019-07-16T07:17:08.126Z", "user": 1, "content_type": 9, "object_id": "15", "object_repr": "Lorem ipsum", "action_flag": 1, "change_message": "[{\"added\": {}}]"}}, {"model": "admin.logentry", "pk": 23, "fields": {"action_time": "2019-07-16T07:46:31.214Z", "user": 1, "content_type": 11, "object_id": "9", "object_repr": "Picture object (9)", "action_flag": 2, "change_message": "[{\"changed\": {\"fields\": [\"image\"]}}]"}}, {"model": "admin.logentry", "pk": 24, "fields": {"action_time": "2019-07-16T07:46:31.771Z", "user": 1, "content_type": 11, "object_id": "8", "object_repr": "Picture object (8)", "action_flag": 2, "change_message": "[{\"changed\": {\"fields\": [\"is_visible\", \"image\"]}}]"}}, {"model": "admin.logentry", "pk": 25, "fields": {"action_time": "2019-07-16T07:46:32.328Z", "user": 1, "content_type": 11, "object_id": "7", "object_repr": "Picture object (7)", "action_flag": 2, "change_message": "[{\"changed\": {\"fields\": [\"image\"]}}]"}}, {"model": "admin.logentry", "pk": 26, "fields": {"action_time": "2019-07-16T07:46:32.899Z", "user": 1, "content_type": 11, "object_id": "6", "object_repr": "Picture object (6)", "action_flag": 2, "change_message": "[{\"changed\": {\"fields\": [\"is_visible\", \"image\"]}}]"}}, {"model": "admin.logentry", "pk": 27, "fields": {"action_time": "2019-07-16T07:46:33.440Z", "user": 1, "content_type": 11, "object_id": "5", "object_repr": "Picture object (5)", "action_flag": 2, "change_message": "[{\"changed\": {\"fields\": [\"image\"]}}]"}}, {"model": "admin.logentry", "pk": 28, "fields": {"action_time": "2019-07-16T07:46:33.969Z", "user": 1, "content_type": 11, "object_id": "4", "object_repr": "Picture object (4)", "action_flag": 2, "change_message": "[{\"changed\": {\"fields\": [\"image\"]}}]"}}, {"model": "admin.logentry", "pk": 29, "fields": {"action_time": "2019-07-16T07:46:34.540Z", "user": 1, "content_type": 11, "object_id": "3", "object_repr": "Picture object (3)", "action_flag": 2, "change_message": "[{\"changed\": {\"fields\": [\"image\"]}}]"}}, {"model": "admin.logentry", "pk": 30, "fields": {"action_time": "2019-07-16T07:46:35.080Z", "user": 1, "content_type": 11, "object_id": "2", "object_repr": "Picture object (2)", "action_flag": 2, "change_message": "[{\"changed\": {\"fields\": [\"image\"]}}]"}}, {"model": "admin.logentry", "pk": 31, "fields": {"action_time": "2019-07-16T07:46:35.624Z", "user": 1, "content_type": 11, "object_id": "1", "object_repr": "Picture object (1)", "action_flag": 2, "change_message": "[{\"changed\": {\"fields\": [\"image\"]}}]"}}, {"model": "admin.logentry", "pk": 32, "fields": {"action_time": "2019-07-16T07:48:30.771Z", "user": 1, "content_type": 11, "object_id": "4", "object_repr": "Picture object (4)", "action_flag": 2, "change_message": "[{\"changed\": {\"fields\": [\"image\"]}}]"}}, {"model": "admin.logentry", "pk": 33, "fields": {"action_time": "2019-07-16T07:49:57.640Z", "user": 1, "content_type": 11, "object_id": "9", "object_repr": "Picture object (9)", "action_flag": 2, "change_message": "[{\"changed\": {\"fields\": [\"image\"]}}]"}}, {"model": "admin.logentry", "pk": 34, "fields": {"action_time": "2019-07-16T07:49:58.184Z", "user": 1, "content_type": 11, "object_id": "7", "object_repr": "Picture object (7)", "action_flag": 2, "change_message": "[{\"changed\": {\"fields\": [\"image\"]}}]"}}, {"model": "admin.logentry", "pk": 35, "fields": {"action_time": "2019-07-16T07:51:14.541Z", "user": 1, "content_type": 9, "object_id": "15", "object_repr": "Lorem ipsum", "action_flag": 2, "change_message": "[{\"changed\": {\"fields\": [\"image\"]}}]"}}, {"model": "admin.logentry", "pk": 36, "fields": {"action_time": "2019-07-16T07:51:15.107Z", "user": 1, "content_type": 9, "object_id": "11", "object_repr": "Lorem ipsum", "action_flag": 2, "change_message": "[{\"changed\": {\"fields\": [\"image\"]}}]"}}, {"model": "admin.logentry", "pk": 37, "fields": {"action_time": "2019-07-16T07:51:15.693Z", "user": 1, "content_type": 9, "object_id": "10", "object_repr": "Lorem ipsum", "action_flag": 2, "change_message": "[{\"changed\": {\"fields\": [\"image\"]}}]"}}, {"model": "admin.logentry", "pk": 38, "fields": {"action_time": "2019-07-16T07:52:16.972Z", "user": 1, "content_type": 10, "object_id": "14", "object_repr": "Offer object (14)", "action_flag": 2, "change_message": "[{\"changed\": {\"fields\": [\"image\"]}}]"}}, {"model": "admin.logentry", "pk": 39, "fields": {"action_time": "2019-07-16T07:52:17.548Z", "user": 1, "content_type": 10, "object_id": "13", "object_repr": "Offer object (13)", "action_flag": 2, "change_message": "[{\"changed\": {\"fields\": [\"image\"]}}]"}}, {"model": "admin.logentry", "pk": 40, "fields": {"action_time": "2019-07-16T07:52:18.100Z", "user": 1, "content_type": 10, "object_id": "12", "object_repr": "Offer object (12)", "action_flag": 2, "change_message": "[{\"changed\": {\"fields\": [\"image\"]}}]"}}, {"model": "admin.logentry", "pk": 41, "fields": {"action_time": "2019-07-16T07:53:05.836Z", "user": 1, "content_type": 12, "object_id": "1", "object_repr": "AboutMe object (1)", "action_flag": 2, "change_message": "[{\"changed\": {\"fields\": [\"image\"]}}]"}}, {"model": "admin.logentry", "pk": 42, "fields": {"action_time": "2019-07-16T09:09:15.026Z", "user": 1, "content_type": 11, "object_id": "9", "object_repr": "Picture object (9)", "action_flag": 2, "change_message": "[{\"changed\": {\"fields\": [\"image\"]}}]"}}, {"model": "admin.logentry", "pk": 43, "fields": {"action_time": "2019-07-16T09:12:01.129Z", "user": 1, "content_type": 11, "object_id": "8", "object_repr": "Picture object (8)", "action_flag": 2, "change_message": "[{\"changed\": {\"fields\": [\"image\"]}}]"}}, {"model": "admin.logentry", "pk": 44, "fields": {"action_time": "2019-07-16T09:12:01.630Z", "user": 1, "content_type": 11, "object_id": "7", "object_repr": "Picture object (7)", "action_flag": 2, "change_message": "[{\"changed\": {\"fields\": [\"image\"]}}]"}}, {"model": "admin.logentry", "pk": 45, "fields": {"action_time": "2019-07-16T09:15:01.853Z", "user": 1, "content_type": 11, "object_id": "5", "object_repr": "Picture object (5)", "action_flag": 2, "change_message": "[{\"changed\": {\"fields\": [\"image\"]}}]"}}, {"model": "admin.logentry", "pk": 46, "fields": {"action_time": "2019-07-16T09:15:02.415Z", "user": 1, "content_type": 11, "object_id": "4", "object_repr": "Picture object (4)", "action_flag": 2, "change_message": "[{\"changed\": {\"fields\": [\"image\"]}}]"}}, {"model": "admin.logentry", "pk": 47, "fields": {"action_time": "2019-07-16T09:15:33.639Z", "user": 1, "content_type": 11, "object_id": "3", "object_repr": "Picture object (3)", "action_flag": 2, "change_message": "[{\"changed\": {\"fields\": [\"image\"]}}]"}}, {"model": "admin.logentry", "pk": 48, "fields": {"action_time": "2019-07-16T09:15:34.161Z", "user": 1, "content_type": 11, "object_id": "2", "object_repr": "Picture object (2)", "action_flag": 2, "change_message": "[{\"changed\": {\"fields\": [\"image\"]}}]"}}, {"model": "admin.logentry", "pk": 49, "fields": {"action_time": "2019-07-16T09:15:52.364Z", "user": 1, "content_type": 11, "object_id": "1", "object_repr": "Picture object (1)", "action_flag": 2, "change_message": "[{\"changed\": {\"fields\": [\"image\"]}}]"}}, {"model": "admin.logentry", "pk": 50, "fields": {"action_time": "2019-07-16T09:16:58.723Z", "user": 1, "content_type": 11, "object_id": "8", "object_repr": "Picture object (8)", "action_flag": 2, "change_message": "[{\"changed\": {\"fields\": [\"image\"]}}]"}}, {"model": "admin.logentry", "pk": 51, "fields": {"action_time": "2019-07-16T09:16:59.294Z", "user": 1, "content_type": 11, "object_id": "3", "object_repr": "Picture object (3)", "action_flag": 2, "change_message": "[{\"changed\": {\"fields\": [\"image\"]}}]"}}, {"model": "admin.logentry", "pk": 52, "fields": {"action_time": "2019-07-16T09:30:31.677Z", "user": 1, "content_type": 11, "object_id": "9", "object_repr": "Picture object (9)", "action_flag": 2, "change_message": "[{\"changed\": {\"fields\": [\"image\"]}}]"}}, {"model": "admin.logentry", "pk": 53, "fields": {"action_time": "2019-07-16T09:30:32.435Z", "user": 1, "content_type": 11, "object_id": "8", "object_repr": "Picture object (8)", "action_flag": 2, "change_message": "[{\"changed\": {\"fields\": [\"image\"]}}]"}}, {"model": "admin.logentry", "pk": 54, "fields": {"action_time": "2019-07-16T09:30:33.218Z", "user": 1, "content_type": 11, "object_id": "7", "object_repr": "Picture object (7)", "action_flag": 2, "change_message": "[{\"changed\": {\"fields\": [\"image\"]}}]"}}, {"model": "admin.logentry", "pk": 55, "fields": {"action_time": "2019-07-16T09:30:33.814Z", "user": 1, "content_type": 11, "object_id": "6", "object_repr": "Picture object (6)", "action_flag": 2, "change_message": "[{\"changed\": {\"fields\": [\"image\"]}}]"}}, {"model": "admin.logentry", "pk": 56, "fields": {"action_time": "2019-07-16T09:30:34.525Z", "user": 1, "content_type": 11, "object_id": "5", "object_repr": "Picture object (5)", "action_flag": 2, "change_message": "[{\"changed\": {\"fields\": [\"image\"]}}]"}}, {"model": "admin.logentry", "pk": 57, "fields": {"action_time": "2019-07-16T09:30:36.399Z", "user": 1, "content_type": 11, "object_id": "4", "object_repr": "Picture object (4)", "action_flag": 2, "change_message": "[{\"changed\": {\"fields\": [\"image\"]}}]"}}, {"model": "admin.logentry", "pk": 58, "fields": {"action_time": "2019-07-16T09:30:37.029Z", "user": 1, "content_type": 11, "object_id": "3", "object_repr": "Picture object (3)", "action_flag": 2, "change_message": "[{\"changed\": {\"fields\": [\"image\"]}}]"}}, {"model": "admin.logentry", "pk": 59, "fields": {"action_time": "2019-07-16T09:30:37.450Z", "user": 1, "content_type": 11, "object_id": "2", "object_repr": "Picture object (2)", "action_flag": 2, "change_message": "[{\"changed\": {\"fields\": [\"image\"]}}]"}}, {"model": "admin.logentry", "pk": 60, "fields": {"action_time": "2019-07-16T09:30:38.091Z", "user": 1, "content_type": 11, "object_id": "1", "object_repr": "Picture object (1)", "action_flag": 2, "change_message": "[{\"changed\": {\"fields\": [\"image\"]}}]"}}, {"model": "admin.logentry", "pk": 61, "fields": {"action_time": "2019-07-16T09:31:27.941Z", "user": 1, "content_type": 9, "object_id": "15", "object_repr": "Lorem ipsum", "action_flag": 2, "change_message": "[{\"changed\": {\"fields\": [\"image\"]}}]"}}, {"model": "admin.logentry", "pk": 62, "fields": {"action_time": "2019-07-16T09:31:28.870Z", "user": 1, "content_type": 9, "object_id": "11", "object_repr": "Lorem ipsum", "action_flag": 2, "change_message": "[{\"changed\": {\"fields\": [\"image\"]}}]"}}, {"model": "admin.logentry", "pk": 63, "fields": {"action_time": "2019-07-16T09:31:29.465Z", "user": 1, "content_type": 9, "object_id": "10", "object_repr": "Lorem ipsum", "action_flag": 2, "change_message": "[{\"changed\": {\"fields\": [\"image\"]}}]"}}, {"model": "admin.logentry", "pk": 64, "fields": {"action_time": "2019-07-16T09:32:04.899Z", "user": 1, "content_type": 10, "object_id": "14", "object_repr": "Offer object (14)", "action_flag": 2, "change_message": "[{\"changed\": {\"fields\": [\"image\"]}}]"}}, {"model": "admin.logentry", "pk": 65, "fields": {"action_time": "2019-07-16T09:32:05.359Z", "user": 1, "content_type": 10, "object_id": "13", "object_repr": "Offer object (13)", "action_flag": 2, "change_message": "[{\"changed\": {\"fields\": [\"image\"]}}]"}}, {"model": "admin.logentry", "pk": 66, "fields": {"action_time": "2019-07-16T09:32:07.388Z", "user": 1, "content_type": 10, "object_id": "12", "object_repr": "Offer object (12)", "action_flag": 2, "change_message": "[{\"changed\": {\"fields\": [\"image\"]}}]"}}, {"model": "admin.logentry", "pk": 67, "fields": {"action_time": "2019-07-16T09:32:23.078Z", "user": 1, "content_type": 12, "object_id": "1", "object_repr": "AboutMe object (1)", "action_flag": 2, "change_message": "[{\"changed\": {\"fields\": [\"image\"]}}]"}}, {"model": "admin.logentry", "pk": 68, "fields": {"action_time": "2019-07-16T09:33:04.768Z", "user": 1, "content_type": 9, "object_id": "15", "object_repr": "Lorem ipsum", "action_flag": 2, "change_message": "[{\"changed\": {\"fields\": [\"image\"]}}]"}}, {"model": "admin.logentry", "pk": 69, "fields": {"action_time": "2019-07-19T08:06:29.319Z", "user": 1, "content_type": 10, "object_id": "16", "object_repr": "Offer object (16)", "action_flag": 1, "change_message": "[{\"added\": {}}]"}}, {"model": "admin.logentry", "pk": 70, "fields": {"action_time": "2019-07-19T08:07:32.915Z", "user": 1, "content_type": 9, "object_id": "17", "object_repr": "lorem ipsum", "action_flag": 1, "change_message": "[{\"added\": {}}]"}}, {"model": "admin.logentry", "pk": 71, "fields": {"action_time": "2019-07-19T08:22:20.909Z", "user": 1, "content_type": 9, "object_id": "18", "object_repr": "lorem ipsum", "action_flag": 1, "change_message": "[{\"added\": {}}]"}}, {"model": "admin.logentry", "pk": 72, "fields": {"action_time": "2019-07-19T08:22:40.347Z", "user": 1, "content_type": 9, "object_id": "19", "object_repr": "lorem ipsum", "action_flag": 1, "change_message": "[{\"added\": {}}]"}}, {"model": "admin.logentry", "pk": 73, "fields": {"action_time": "2019-07-19T08:29:03.797Z", "user": 1, "content_type": 10, "object_id": "20", "object_repr": "Offer object (20)", "action_flag": 1, "change_message": "[{\"added\": {}}]"}}, {"model": "admin.logentry", "pk": 74, "fields": {"action_time": "2019-07-19T08:29:10.883Z", "user": 1, "content_type": 10, "object_id": "20", "object_repr": "Offer object (20)", "action_flag": 2, "change_message": "[{\"changed\": {\"fields\": [\"is_visible\"]}}]"}}, {"model": "admin.logentry", "pk": 75, "fields": {"action_time": "2019-07-19T08:29:32.931Z", "user": 1, "content_type": 10, "object_id": "21", "object_repr": "Offer object (21)", "action_flag": 1, "change_message": "[{\"added\": {}}]"}}, {"model": "admin.logentry", "pk": 76, "fields": {"action_time": "2019-07-22T10:24:21.212Z", "user": 1, "content_type": 9, "object_id": "22", "object_repr": "lorem ipsum", "action_flag": 1, "change_message": "[{\"added\": {}}]"}}, {"model": "admin.logentry", "pk": 77, "fields": {"action_time": "2019-07-23T10:07:58.300Z", "user": 1, "content_type": 11, "object_id": "7", "object_repr": "Picture object (7)", "action_flag": 2, "change_message": "[{\"changed\": {\"fields\": [\"image\"]}}]"}}, {"model": "admin.logentry", "pk": 78, "fields": {"action_time": "2019-07-23T10:19:01.111Z", "user": 1, "content_type": 11, "object_id": "9", "object_repr": "Picture object (9)", "action_flag": 2, "change_message": "[{\"changed\": {\"fields\": [\"image\"]}}]"}}, {"model": "admin.logentry", "pk": 79, "fields": {"action_time": "2019-07-23T10:19:01.527Z", "user": 1, "content_type": 11, "object_id": "8", "object_repr": "Picture object (8)", "action_flag": 2, "change_message": "[{\"changed\": {\"fields\": [\"image\"]}}]"}}, {"model": "admin.logentry", "pk": 80, "fields": {"action_time": "2019-07-23T10:19:01.982Z", "user": 1, "content_type": 11, "object_id": "7", "object_repr": "Picture object (7)", "action_flag": 2, "change_message": "[{\"changed\": {\"fields\": [\"image\"]}}]"}}, {"model": "admin.logentry", "pk": 81, "fields": {"action_time": "2019-07-23T10:19:02.715Z", "user": 1, "content_type": 11, "object_id": "6", "object_repr": "Picture object (6)", "action_flag": 2, "change_message": "[{\"changed\": {\"fields\": [\"image\"]}}]"}}, {"model": "admin.logentry", "pk": 82, "fields": {"action_time": "2019-07-23T10:19:03.131Z", "user": 1, "content_type": 11, "object_id": "5", "object_repr": "Picture object (5)", "action_flag": 2, "change_message": "[{\"changed\": {\"fields\": [\"image\"]}}]"}}, {"model": "admin.logentry", "pk": 83, "fields": {"action_time": "2019-07-23T10:19:03.732Z", "user": 1, "content_type": 11, "object_id": "4", "object_repr": "Picture object (4)", "action_flag": 2, "change_message": "[{\"changed\": {\"fields\": [\"image\"]}}]"}}, {"model": "admin.logentry", "pk": 84, "fields": {"action_time": "2019-07-23T10:19:04.144Z", "user": 1, "content_type": 11, "object_id": "3", "object_repr": "Picture object (3)", "action_flag": 2, "change_message": "[{\"changed\": {\"fields\": [\"image\"]}}]"}}, {"model": "admin.logentry", "pk": 85, "fields": {"action_time": "2019-07-23T10:19:04.641Z", "user": 1, "content_type": 11, "object_id": "2", "object_repr": "Picture object (2)", "action_flag": 2, "change_message": "[{\"changed\": {\"fields\": [\"image\"]}}]"}}, {"model": "admin.logentry", "pk": 86, "fields": {"action_time": "2019-07-23T10:19:05.175Z", "user": 1, "content_type": 11, "object_id": "1", "object_repr": "Picture object (1)", "action_flag": 2, "change_message": "[{\"changed\": {\"fields\": [\"image\"]}}]"}}, {"model": "admin.logentry", "pk": 87, "fields": {"action_time": "2019-07-23T10:21:17.967Z", "user": 1, "content_type": 9, "object_id": "22", "object_repr": "lorem ipsum", "action_flag": 2, "change_message": "[{\"changed\": {\"fields\": [\"image\"]}}]"}}, {"model": "admin.logentry", "pk": 88, "fields": {"action_time": "2019-07-23T10:21:18.492Z", "user": 1, "content_type": 9, "object_id": "19", "object_repr": "lorem ipsum", "action_flag": 2, "change_message": "[{\"changed\": {\"fields\": [\"image\"]}}]"}}, {"model": "admin.logentry", "pk": 89, "fields": {"action_time": "2019-07-23T10:21:19.311Z", "user": 1, "content_type": 9, "object_id": "18", "object_repr": "lorem ipsum", "action_flag": 2, "change_message": "[{\"changed\": {\"fields\": [\"image\"]}}]"}}, {"model": "admin.logentry", "pk": 90, "fields": {"action_time": "2019-07-23T10:21:19.825Z", "user": 1, "content_type": 9, "object_id": "17", "object_repr": "lorem ipsum", "action_flag": 2, "change_message": "[{\"changed\": {\"fields\": [\"image\"]}}]"}}, {"model": "admin.logentry", "pk": 91, "fields": {"action_time": "2019-07-23T10:21:20.319Z", "user": 1, "content_type": 9, "object_id": "15", "object_repr": "Lorem ipsum", "action_flag": 2, "change_message": "[{\"changed\": {\"fields\": [\"image\"]}}]"}}, {"model": "admin.logentry", "pk": 92, "fields": {"action_time": "2019-07-23T10:21:20.892Z", "user": 1, "content_type": 9, "object_id": "11", "object_repr": "Lorem ipsum", "action_flag": 2, "change_message": "[{\"changed\": {\"fields\": [\"image\"]}}]"}}, {"model": "admin.logentry", "pk": 93, "fields": {"action_time": "2019-07-23T10:21:21.394Z", "user": 1, "content_type": 9, "object_id": "10", "object_repr": "Lorem ipsum", "action_flag": 2, "change_message": "[{\"changed\": {\"fields\": [\"image\"]}}]"}}, {"model": "admin.logentry", "pk": 94, "fields": {"action_time": "2019-07-23T10:23:13.942Z", "user": 1, "content_type": 10, "object_id": "21", "object_repr": "Offer object (21)", "action_flag": 2, "change_message": "[{\"changed\": {\"fields\": [\"image\"]}}]"}}, {"model": "admin.logentry", "pk": 95, "fields": {"action_time": "2019-07-23T10:23:14.620Z", "user": 1, "content_type": 10, "object_id": "20", "object_repr": "Offer object (20)", "action_flag": 2, "change_message": "[{\"changed\": {\"fields\": [\"image\"]}}]"}}, {"model": "admin.logentry", "pk": 96, "fields": {"action_time": "2019-07-23T10:23:16.254Z", "user": 1, "content_type": 10, "object_id": "16", "object_repr": "Offer object (16)", "action_flag": 2, "change_message": "[{\"changed\": {\"fields\": [\"image\"]}}]"}}, {"model": "admin.logentry", "pk": 97, "fields": {"action_time": "2019-07-23T10:23:16.778Z", "user": 1, "content_type": 10, "object_id": "14", "object_repr": "Offer object (14)", "action_flag": 2, "change_message": "[{\"changed\": {\"fields\": [\"image\"]}}]"}}, {"model": "admin.logentry", "pk": 98, "fields": {"action_time": "2019-07-23T10:23:17.254Z", "user": 1, "content_type": 10, "object_id": "13", "object_repr": "Offer object (13)", "action_flag": 2, "change_message": "[{\"changed\": {\"fields\": [\"image\"]}}]"}}, {"model": "admin.logentry", "pk": 99, "fields": {"action_time": "2019-07-23T10:23:17.756Z", "user": 1, "content_type": 10, "object_id": "12", "object_repr": "Offer object (12)", "action_flag": 2, "change_message": "[{\"changed\": {\"fields\": [\"image\"]}}]"}}, {"model": "admin.logentry", "pk": 100, "fields": {"action_time": "2019-07-23T10:23:40.511Z", "user": 1, "content_type": 12, "object_id": "1", "object_repr": "AboutMe object (1)", "action_flag": 2, "change_message": "[{\"changed\": {\"fields\": [\"image\"]}}]"}}, {"model": "admin.logentry", "pk": 101, "fields": {"action_time": "2019-07-23T10:24:19.637Z", "user": 1, "content_type": 12, "object_id": "1", "object_repr": "AboutMe object (1)", "action_flag": 2, "change_message": "[{\"changed\": {\"fields\": [\"image\"]}}]"}}, {"model": "admin.logentry", "pk": 102, "fields": {"action_time": "2019-07-23T10:24:37.547Z", "user": 1, "content_type": 12, "object_id": "1", "object_repr": "AboutMe object (1)", "action_flag": 2, "change_message": "[{\"changed\": {\"fields\": [\"image\"]}}]"}}, {"model": "admin.logentry", "pk": 103, "fields": {"action_time": "2019-07-23T10:25:56.862Z", "user": 1, "content_type": 11, "object_id": "9", "object_repr": "Picture object (9)", "action_flag": 2, "change_message": "[{\"changed\": {\"fields\": [\"image\"]}}]"}}, {"model": "admin.logentry", "pk": 104, "fields": {"action_time": "2019-07-23T10:25:57.447Z", "user": 1, "content_type": 11, "object_id": "8", "object_repr": "Picture object (8)", "action_flag": 2, "change_message": "[{\"changed\": {\"fields\": [\"image\"]}}]"}}, {"model": "admin.logentry", "pk": 105, "fields": {"action_time": "2019-07-23T10:27:30.926Z", "user": 1, "content_type": 9, "object_id": "15", "object_repr": "Lorem ipsum", "action_flag": 2, "change_message": "[{\"changed\": {\"fields\": [\"image\"]}}]"}}, {"model": "admin.logentry", "pk": 106, "fields": {"action_time": "2019-07-23T10:27:31.596Z", "user": 1, "content_type": 9, "object_id": "11", "object_repr": "Lorem ipsum", "action_flag": 2, "change_message": "[{\"changed\": {\"fields\": [\"image\"]}}]"}}, {"model": "admin.logentry", "pk": 107, "fields": {"action_time": "2019-07-23T10:28:16.356Z", "user": 1, "content_type": 10, "object_id": "21", "object_repr": "Offer object (21)", "action_flag": 2, "change_message": "[{\"changed\": {\"fields\": [\"image\"]}}]"}}, {"model": "admin.logentry", "pk": 108, "fields": {"action_time": "2019-07-23T10:28:16.918Z", "user": 1, "content_type": 10, "object_id": "20", "object_repr": "Offer object (20)", "action_flag": 2, "change_message": "[{\"changed\": {\"fields\": [\"image\"]}}]"}}, {"model": "admin.logentry", "pk": 109, "fields": {"action_time": "2019-08-06T12:12:01.591Z", "user": 1, "content_type": 11, "object_id": "23", "object_repr": "Picture object (23)", "action_flag": 1, "change_message": "[{\"added\": {}}]"}}, {"model": "admin.logentry", "pk": 110, "fields": {"action_time": "2019-08-06T12:43:09.107Z", "user": 1, "content_type": 11, "object_id": "9", "object_repr": "Picture object (9)", "action_flag": 2, "change_message": "[{\"changed\": {\"fields\": [\"image\", \"category\"]}}]"}}, {"model": "admin.logentry", "pk": 111, "fields": {"action_time": "2019-08-06T12:43:56.412Z", "user": 1, "content_type": 11, "object_id": "8", "object_repr": "Picture object (8)", "action_flag": 2, "change_message": "[{\"changed\": {\"fields\": [\"image\", \"category\"]}}]"}}, {"model": "admin.logentry", "pk": 112, "fields": {"action_time": "2019-08-06T12:44:50.656Z", "user": 1, "content_type": 11, "object_id": "7", "object_repr": "Picture object (7)", "action_flag": 2, "change_message": "[{\"changed\": {\"fields\": [\"image\", \"category\"]}}]"}}, {"model": "admin.logentry", "pk": 113, "fields": {"action_time": "2019-08-06T12:48:28.693Z", "user": 1, "content_type": 11, "object_id": "8", "object_repr": "Picture object (8)", "action_flag": 2, "change_message": "[{\"changed\": {\"fields\": [\"image\"]}}]"}}, {"model": "admin.logentry", "pk": 114, "fields": {"action_time": "2019-08-06T12:48:34.871Z", "user": 1, "content_type": 11, "object_id": "7", "object_repr": "Picture object (7)", "action_flag": 2, "change_message": "[{\"changed\": {\"fields\": [\"image\"]}}]"}}, {"model": "admin.logentry", "pk": 115, "fields": {"action_time": "2019-08-06T12:50:10.586Z", "user": 1, "content_type": 11, "object_id": "8", "object_repr": "Picture object (8)", "action_flag": 2, "change_message": "[{\"changed\": {\"fields\": [\"image\"]}}]"}}, {"model": "admin.logentry", "pk": 116, "fields": {"action_time": "2019-08-06T12:50:14.518Z", "user": 1, "content_type": 11, "object_id": "7", "object_repr": "Picture object (7)", "action_flag": 2, "change_message": "[{\"changed\": {\"fields\": [\"image\"]}}]"}}, {"model": "admin.logentry", "pk": 117, "fields": {"action_time": "2019-08-06T12:51:28.180Z", "user": 1, "content_type": 11, "object_id": "8", "object_repr": "Picture object (8)", "action_flag": 2, "change_message": "[{\"changed\": {\"fields\": [\"image\"]}}]"}}, {"model": "admin.logentry", "pk": 118, "fields": {"action_time": "2019-08-06T12:54:04.858Z", "user": 1, "content_type": 11, "object_id": "7", "object_repr": "Picture object (7)", "action_flag": 2, "change_message": "[{\"changed\": {\"fields\": [\"image\", \"category\"]}}]"}}, {"model": "admin.logentry", "pk": 119, "fields": {"action_time": "2019-08-06T12:57:13.441Z", "user": 1, "content_type": 11, "object_id": "6", "object_repr": "Picture object (6)", "action_flag": 2, "change_message": "[{\"changed\": {\"fields\": [\"image\"]}}]"}}, {"model": "admin.logentry", "pk": 120, "fields": {"action_time": "2019-08-21T09:39:48.017Z", "user": 1, "content_type": 13, "object_id": "1", "object_repr": "first article", "action_flag": 1, "change_message": "[{\"added\": {}}]"}}, {"model": "admin.logentry", "pk": 121, "fields": {"action_time": "2019-08-21T09:43:48.607Z", "user": 1, "content_type": 13, "object_id": "1", "object_repr": "first article", "action_flag": 2, "change_message": "[{\"changed\": {\"fields\": [\"image\"]}}]"}}, {"model": "admin.logentry", "pk": 122, "fields": {"action_time": "2019-08-21T09:49:59.272Z", "user": 1, "content_type": 13, "object_id": "1", "object_repr": "first article", "action_flag": 2, "change_message": "[]"}}, {"model": "admin.logentry", "pk": 123, "fields": {"action_time": "2019-08-21T09:52:14.927Z", "user": 1, "content_type": 13, "object_id": "1", "object_repr": "first article", "action_flag": 2, "change_message": "[{\"changed\": {\"fields\": [\"image\"]}}]"}}, {"model": "admin.logentry", "pk": 124, "fields": {"action_time": "2019-08-21T15:02:45.686Z", "user": 1, "content_type": 13, "object_id": "2", "object_repr": "second article", "action_flag": 1, "change_message": "[{\"added\": {}}]"}}, {"model": "admin.logentry", "pk": 125, "fields": {"action_time": "2019-08-21T16:18:35.037Z", "user": 1, "content_type": 11, "object_id": "23", "object_repr": "Picture object (23)", "action_flag": 2, "change_message": "[{\"changed\": {\"fields\": [\"image\"]}}]"}}, {"model": "admin.logentry", "pk": 126, "fields": {"action_time": "2019-08-21T16:18:36.066Z", "user": 1, "content_type": 11, "object_id": "9", "object_repr": "Picture object (9)", "action_flag": 2, "change_message": "[{\"changed\": {\"fields\": [\"image\"]}}]"}}, {"model": "admin.logentry", "pk": 127, "fields": {"action_time": "2019-08-21T16:21:01.000Z", "user": 1, "content_type": 11, "object_id": "8", "object_repr": "Picture object (8)", "action_flag": 2, "change_message": "[{\"changed\": {\"fields\": [\"image\"]}}]"}}, {"model": "admin.logentry", "pk": 128, "fields": {"action_time": "2019-08-21T16:21:04.467Z", "user": 1, "content_type": 11, "object_id": "7", "object_repr": "Picture object (7)", "action_flag": 2, "change_message": "[{\"changed\": {\"fields\": [\"image\"]}}]"}}, {"model": "admin.logentry", "pk": 129, "fields": {"action_time": "2019-08-21T16:21:05.307Z", "user": 1, "content_type": 11, "object_id": "6", "object_repr": "Picture object (6)", "action_flag": 2, "change_message": "[{\"changed\": {\"fields\": [\"image\"]}}]"}}, {"model": "admin.logentry", "pk": 130, "fields": {"action_time": "2019-08-22T14:29:08.430Z", "user": 1, "content_type": 13, "object_id": "3", "object_repr": "example", "action_flag": 1, "change_message": "[{\"added\": {}}]"}}, {"model": "admin.logentry", "pk": 131, "fields": {"action_time": "2019-08-23T22:59:25.094Z", "user": 1, "content_type": 15, "object_id": "3", "object_repr": "hkdance3@gmail.com", "action_flag": 3, "change_message": ""}}, {"model": "admin.logentry", "pk": 132, "fields": {"action_time": "2019-08-23T23:09:35.572Z", "user": 1, "content_type": 15, "object_id": "4", "object_repr": "yannking13@gmail.com", "action_flag": 3, "change_message": ""}}, {"model": "admin.logentry", "pk": 133, "fields": {"action_time": "2019-08-26T23:22:59.303Z", "user": 1, "content_type": 13, "object_id": "4", "object_repr": "Merci", "action_flag": 1, "change_message": "[{\"added\": {}}]"}}, {"model": "admin.logentry", "pk": 134, "fields": {"action_time": "2019-08-26T23:37:58.407Z", "user": 1, "content_type": 11, "object_id": "23", "object_repr": "Picture object (23)", "action_flag": 2, "change_message": "[{\"changed\": {\"fields\": [\"url\"]}}]"}}, {"model": "admin.logentry", "pk": 135, "fields": {"action_time": "2019-08-26T23:40:44.789Z", "user": 1, "content_type": 11, "object_id": "23", "object_repr": "Picture object (23)", "action_flag": 2, "change_message": "[{\"changed\": {\"fields\": [\"url\"]}}]"}}, {"model": "admin.logentry", "pk": 136, "fields": {"action_time": "2019-08-26T23:42:56.494Z", "user": 1, "content_type": 11, "object_id": "23", "object_repr": "Picture object (23)", "action_flag": 2, "change_message": "[{\"changed\": {\"fields\": [\"url\"]}}]"}}, {"model": "admin.logentry", "pk": 137, "fields": {"action_time": "2019-08-26T23:44:26.996Z", "user": 1, "content_type": 11, "object_id": "9", "object_repr": "Picture object (9)", "action_flag": 2, "change_message": "[{\"changed\": {\"fields\": [\"url\"]}}]"}}, {"model": "admin.logentry", "pk": 138, "fields": {"action_time": "2019-08-26T23:45:08.815Z", "user": 1, "content_type": 11, "object_id": "24", "object_repr": "Picture object (24)", "action_flag": 1, "change_message": "[{\"added\": {}}]"}}, {"model": "admin.logentry", "pk": 139, "fields": {"action_time": "2019-08-26T23:47:10.770Z", "user": 1, "content_type": 11, "object_id": "8", "object_repr": "Picture object (8)", "action_flag": 2, "change_message": "[{\"changed\": {\"fields\": [\"url\"]}}]"}}, {"model": "admin.logentry", "pk": 140, "fields": {"action_time": "2019-08-26T23:47:14.312Z", "user": 1, "content_type": 11, "object_id": "7", "object_repr": "Picture object (7)", "action_flag": 2, "change_message": "[{\"changed\": {\"fields\": [\"url\"]}}]"}}, {"model": "admin.logentry", "pk": 141, "fields": {"action_time": "2019-08-26T23:47:16.310Z", "user": 1, "content_type": 11, "object_id": "6", "object_repr": "Picture object (6)", "action_flag": 2, "change_message": "[{\"changed\": {\"fields\": [\"url\"]}}]"}}, {"model": "admin.logentry", "pk": 142, "fields": {"action_time": "2019-08-26T23:47:17.459Z", "user": 1, "content_type": 11, "object_id": "5", "object_repr": "Picture object (5)", "action_flag": 2, "change_message": "[{\"changed\": {\"fields\": [\"url\"]}}]"}}, {"model": "admin.logentry", "pk": 143, "fields": {"action_time": "2019-08-26T23:47:18.293Z", "user": 1, "content_type": 11, "object_id": "4", "object_repr": "Picture object (4)", "action_flag": 2, "change_message": "[{\"changed\": {\"fields\": [\"url\"]}}]"}}, {"model": "admin.logentry", "pk": 144, "fields": {"action_time": "2019-08-26T23:47:19.164Z", "user": 1, "content_type": 11, "object_id": "3", "object_repr": "Picture object (3)", "action_flag": 2, "change_message": "[{\"changed\": {\"fields\": [\"url\"]}}]"}}, {"model": "admin.logentry", "pk": 145, "fields": {"action_time": "2019-08-26T23:47:19.982Z", "user": 1, "content_type": 11, "object_id": "2", "object_repr": "Picture object (2)", "action_flag": 2, "change_message": "[{\"changed\": {\"fields\": [\"url\"]}}]"}}, {"model": "admin.logentry", "pk": 146, "fields": {"action_time": "2019-08-26T23:47:23.130Z", "user": 1, "content_type": 11, "object_id": "1", "object_repr": "Picture object (1)", "action_flag": 2, "change_message": "[{\"changed\": {\"fields\": [\"url\"]}}]"}}, {"model": "admin.logentry", "pk": 147, "fields": {"action_time": "2019-08-26T23:48:46.302Z", "user": 1, "content_type": 10, "object_id": "21", "object_repr": "lorem ipsum 10.0", "action_flag": 2, "change_message": "[{\"changed\": {\"fields\": [\"url\"]}}]"}}, {"model": "admin.logentry", "pk": 148, "fields": {"action_time": "2019-08-26T23:48:47.366Z", "user": 1, "content_type": 10, "object_id": "20", "object_repr": "lorem ipsum 500.0", "action_flag": 2, "change_message": "[{\"changed\": {\"fields\": [\"url\"]}}]"}}, {"model": "admin.logentry", "pk": 149, "fields": {"action_time": "2019-08-26T23:48:48.523Z", "user": 1, "content_type": 10, "object_id": "16", "object_repr": "lorem ipsum 400.0", "action_flag": 2, "change_message": "[{\"changed\": {\"fields\": [\"url\"]}}]"}}, {"model": "admin.logentry", "pk": 150, "fields": {"action_time": "2019-08-26T23:48:51.665Z", "user": 1, "content_type": 10, "object_id": "14", "object_repr": "Lorem ipsum 200.0", "action_flag": 2, "change_message": "[{\"changed\": {\"fields\": [\"url\"]}}]"}}, {"model": "admin.logentry", "pk": 151, "fields": {"action_time": "2019-08-26T23:48:53.466Z", "user": 1, "content_type": 10, "object_id": "13", "object_repr": "Lorem ipsum 200.0", "action_flag": 2, "change_message": "[{\"changed\": {\"fields\": [\"url\"]}}]"}}, {"model": "admin.logentry", "pk": 152, "fields": {"action_time": "2019-08-26T23:48:54.571Z", "user": 1, "content_type": 10, "object_id": "12", "object_repr": "Lorem ipsum 100.0", "action_flag": 2, "change_message": "[{\"changed\": {\"fields\": [\"url\"]}}]"}}, {"model": "admin.logentry", "pk": 153, "fields": {"action_time": "2019-08-26T23:50:41.416Z", "user": 1, "content_type": 13, "object_id": "4", "object_repr": "Merci", "action_flag": 2, "change_message": "[{\"changed\": {\"fields\": [\"url\"]}}]"}}, {"model": "admin.logentry", "pk": 154, "fields": {"action_time": "2019-08-26T23:50:41.763Z", "user": 1, "content_type": 13, "object_id": "3", "object_repr": "example", "action_flag": 2, "change_message": "[{\"changed\": {\"fields\": [\"url\"]}}]"}}, {"model": "admin.logentry", "pk": 155, "fields": {"action_time": "2019-08-26T23:50:42.001Z", "user": 1, "content_type": 13, "object_id": "2", "object_repr": "second article", "action_flag": 2, "change_message": "[{\"changed\": {\"fields\": [\"url\"]}}]"}}, {"model": "admin.logentry", "pk": 156, "fields": {"action_time": "2019-08-26T23:50:42.249Z", "user": 1, "content_type": 13, "object_id": "1", "object_repr": "first article", "action_flag": 2, "change_message": "[{\"changed\": {\"fields\": [\"url\"]}}]"}}, {"model": "admin.logentry", "pk": 157, "fields": {"action_time": "2019-08-26T23:54:47.837Z", "user": 1, "content_type": 12, "object_id": "1", "object_repr": "AboutMe object (1)", "action_flag": 2, "change_message": "[{\"changed\": {\"fields\": [\"overview\", \"url\"]}}]"}}, {"model": "admin.logentry", "pk": 158, "fields": {"action_time": "2019-08-27T08:38:37.728Z", "user": 1, "content_type": 11, "object_id": "24", "object_repr": "Picture object (24)", "action_flag": 2, "change_message": "[{\"changed\": {\"fields\": [\"image\"]}}]"}}, {"model": "admin.logentry", "pk": 159, "fields": {"action_time": "2019-08-27T08:38:38.384Z", "user": 1, "content_type": 11, "object_id": "23", "object_repr": "Picture object (23)", "action_flag": 2, "change_message": "[{\"changed\": {\"fields\": [\"image\"]}}]"}}, {"model": "admin.logentry", "pk": 160, "fields": {"action_time": "2019-08-27T08:38:39.031Z", "user": 1, "content_type": 11, "object_id": "9", "object_repr": "Picture object (9)", "action_flag": 2, "change_message": "[{\"changed\": {\"fields\": [\"image\"]}}]"}}, {"model": "admin.logentry", "pk": 161, "fields": {"action_time": "2019-08-27T08:38:39.718Z", "user": 1, "content_type": 11, "object_id": "8", "object_repr": "Picture object (8)", "action_flag": 2, "change_message": "[{\"changed\": {\"fields\": [\"image\"]}}]"}}, {"model": "admin.logentry", "pk": 162, "fields": {"action_time": "2019-08-27T08:39:59.601Z", "user": 1, "content_type": 11, "object_id": "24", "object_repr": "Picture object (24)", "action_flag": 2, "change_message": "[{\"changed\": {\"fields\": [\"image\"]}}]"}}, {"model": "admin.logentry", "pk": 163, "fields": {"action_time": "2019-08-27T08:40:29.967Z", "user": 1, "content_type": 11, "object_id": "23", "object_repr": "Picture object (23)", "action_flag": 2, "change_message": "[{\"changed\": {\"fields\": [\"image\"]}}]"}}, {"model": "admin.logentry", "pk": 164, "fields": {"action_time": "2019-08-27T08:40:30.610Z", "user": 1, "content_type": 11, "object_id": "9", "object_repr": "Picture object (9)", "action_flag": 2, "change_message": "[{\"changed\": {\"fields\": [\"image\"]}}]"}}, {"model": "admin.logentry", "pk": 165, "fields": {"action_time": "2019-08-27T08:40:58.126Z", "user": 1, "content_type": 11, "object_id": "8", "object_repr": "Picture object (8)", "action_flag": 2, "change_message": "[{\"changed\": {\"fields\": [\"image\"]}}]"}}, {"model": "admin.logentry", "pk": 166, "fields": {"action_time": "2019-08-27T08:40:58.768Z", "user": 1, "content_type": 11, "object_id": "7", "object_repr": "Picture object (7)", "action_flag": 2, "change_message": "[{\"changed\": {\"fields\": [\"image\"]}}]"}}]